source_file,fuel_density,coolant_density,radius,particle_times
cf252source.py,14.6,0.45,0.1,"[2.98841638e-08 3.78717069e-07 4.42728293e-07 ... 3.03548319e-05
 3.68276956e-05 3.79064401e-05]"
cf252source.py,14.6,0.45,0.2,"[5.97683277e-08 4.08601233e-07 4.72612457e-07 ... 3.03987665e-05
 3.68716303e-05 3.79503747e-05]"
cf252source.py,14.6,0.45,0.3,"[8.96524915e-08 4.38485397e-07 5.02496621e-07 ... 3.04427012e-05
 3.69155649e-05 3.79943094e-05]"
cf252source.py,14.6,0.45,0.4,"[9.31808473e-08 1.27711043e-07 2.56988124e-07 ... 3.04866359e-05
 3.69594996e-05 3.80382441e-05]"
cf252source.py,14.6,0.45,0.5,"[9.31808473e-08 1.62393688e-07 2.91670770e-07 ... 3.05305705e-05
 3.70034342e-05 3.80821787e-05]"
cf252source.py,14.6,0.45,0.6,"[9.31808473e-08 1.95204122e-07 3.24481203e-07 ... 3.05745052e-05
 3.70473689e-05 3.81261134e-05]"
cf252source.py,14.6,0.45,0.7,"[9.31808473e-08 2.27077124e-07 3.56354205e-07 ... 3.06184398e-05
 3.70913035e-05 3.81700480e-05]"
cf252source.py,14.6,0.45,0.8,"[9.31808473e-08 2.43753925e-07 2.79524073e-07 ... 3.06623745e-05
 3.71352382e-05 3.82139827e-05]"
cf252source.py,14.6,0.45,0.9,"[9.31808473e-08 2.43753925e-07 3.35143164e-07 ... 3.07063091e-05
 3.71791729e-05 3.82579173e-05]"
cf252source.py,14.6,0.45,1.0,"[9.31808473e-08 2.43753925e-07 3.80566922e-07 ... 3.07502438e-05
 3.72231075e-05 3.83018520e-05]"
cf252source.py,14.6,0.55,0.1,"[2.98841638e-08 3.15292905e-07 3.67665724e-07 ... 2.48437597e-05
 3.01397391e-05 3.10223482e-05]"
cf252source.py,14.6,0.55,0.2,"[5.97683277e-08 3.45177069e-07 3.97549888e-07 ... 2.48876943e-05
 3.01836737e-05 3.10662828e-05]"
cf252source.py,14.6,0.55,0.3,"[8.96524915e-08 3.75061232e-07 4.27434052e-07 ... 2.49316290e-05
 3.02276084e-05 3.11102175e-05]"
cf252source.py,14.6,0.55,0.4,"[9.31808473e-08 1.27711043e-07 2.33483200e-07 ... 2.49755636e-05
 3.02715430e-05 3.11541522e-05]"
cf252source.py,14.6,0.55,0.5,"[9.31808473e-08 1.62393688e-07 2.68165846e-07 ... 2.50194983e-05
 3.03154777e-05 3.11980868e-05]"
cf252source.py,14.6,0.55,0.6,"[9.31808473e-08 1.95204122e-07 3.00976279e-07 ... 2.50634330e-05
 3.03594123e-05 3.12420215e-05]"
cf252source.py,14.6,0.55,0.7,"[9.31808473e-08 2.27077124e-07 3.32849281e-07 ... 2.51073676e-05
 3.04033470e-05 3.12859561e-05]"
cf252source.py,14.6,0.55,0.8,"[9.31808473e-08 2.43753925e-07 2.79524073e-07 ... 2.51513023e-05
 3.04472817e-05 3.13298908e-05]"
cf252source.py,14.6,0.55,0.9,"[9.31808473e-08 2.43753925e-07 3.35143164e-07 ... 2.51952369e-05
 3.04912163e-05 3.13738254e-05]"
cf252source.py,14.6,0.55,1.0,"[9.31808473e-08 2.43753925e-07 3.80566922e-07 ... 2.52391716e-05
 3.05351510e-05 3.14177601e-05]"
cf252source.py,14.6,0.65,0.1,"[2.98841638e-08 2.71383868e-07 3.15699330e-07 ... 2.10284020e-05
 2.55096153e-05 2.62564384e-05]"
cf252source.py,14.6,0.65,0.2,"[5.97683277e-08 3.01268032e-07 3.45583494e-07 ... 2.10723366e-05
 2.55535500e-05 2.63003731e-05]"
cf252source.py,14.6,0.65,0.3,"[8.96524915e-08 3.31152195e-07 3.75467658e-07 ... 2.11162713e-05
 2.55974846e-05 2.63443077e-05]"
cf252source.py,14.6,0.65,0.4,"[9.31808473e-08 1.27711043e-07 2.17210561e-07 ... 2.11602059e-05
 2.56414193e-05 2.63882424e-05]"
cf252source.py,14.6,0.65,0.5,"[9.31808473e-08 1.62393688e-07 2.51893206e-07 ... 2.12041406e-05
 2.56853539e-05 2.64321770e-05]"
cf252source.py,14.6,0.65,0.6,"[9.31808473e-08 1.95204122e-07 2.84703640e-07 ... 2.12480753e-05
 2.57292886e-05 2.64761117e-05]"
cf252source.py,14.6,0.65,0.7,"[9.31808473e-08 2.27077124e-07 3.16576641e-07 ... 2.12920099e-05
 2.57732233e-05 2.65200464e-05]"
cf252source.py,14.6,0.65,0.8,"[9.31808473e-08 2.43753925e-07 2.79524073e-07 ... 2.13359446e-05
 2.58171579e-05 2.65639810e-05]"
cf252source.py,14.6,0.65,0.9,"[9.31808473e-08 2.43753925e-07 3.35143164e-07 ... 2.13798792e-05
 2.58610926e-05 2.66079157e-05]"
cf252source.py,14.6,0.65,1.0,"[9.31808473e-08 2.43753925e-07 3.80566922e-07 ... 2.14238139e-05
 2.59050272e-05 2.66518503e-05]"
cf252source.py,14.6,0.75,0.1,"[2.98841638e-08 2.39183907e-07 2.77590641e-07 ... 1.82304730e-05
 2.21141912e-05 2.27614379e-05]"
cf252source.py,14.6,0.75,0.2,"[5.97683277e-08 2.69068071e-07 3.07474805e-07 ... 1.82744077e-05
 2.21581259e-05 2.28053726e-05]"
cf252source.py,14.6,0.75,0.3,"[8.96524915e-08 2.98952235e-07 3.37358969e-07 ... 1.83183423e-05
 2.22020605e-05 2.28493072e-05]"
cf252source.py,14.6,0.75,0.4,"[9.31808473e-08 1.27711043e-07 2.05277292e-07 ... 1.83622770e-05
 2.22459952e-05 2.28932419e-05]"
cf252source.py,14.6,0.75,0.5,"[9.31808473e-08 1.62393688e-07 2.39959937e-07 ... 1.84062116e-05
 2.22899299e-05 2.29371765e-05]"
cf252source.py,14.6,0.75,0.6,"[9.31808473e-08 1.95204122e-07 2.72770371e-07 ... 1.84501463e-05
 2.23338645e-05 2.29811112e-05]"
cf252source.py,14.6,0.75,0.7,"[9.31808473e-08 2.27077124e-07 3.04643372e-07 ... 1.84940809e-05
 2.23777992e-05 2.30250459e-05]"
cf252source.py,14.6,0.75,0.8,"[9.31808473e-08 2.43753925e-07 2.79524073e-07 ... 1.85380156e-05
 2.24217338e-05 2.30689805e-05]"
cf252source.py,14.6,0.75,0.9,"[9.31808473e-08 2.43753925e-07 3.35143164e-07 ... 1.85819503e-05
 2.24656685e-05 2.31129152e-05]"
cf252source.py,14.6,0.75,1.0,"[9.31808473e-08 2.43753925e-07 3.80566922e-07 ... 1.86258849e-05
 2.25096031e-05 2.31568498e-05]"
cf252source.py,14.6,0.85,0.1,"[2.98841638e-08 2.14560408e-07 2.48448703e-07 ... 1.60908803e-05
 1.95176904e-05 2.00887905e-05]"
cf252source.py,14.6,0.85,0.2,"[5.97683277e-08 2.44444572e-07 2.78332867e-07 ... 1.61348149e-05
 1.95616251e-05 2.01327251e-05]"
cf252source.py,14.6,0.85,0.3,"[8.96524915e-08 2.74328736e-07 3.08217031e-07 ... 1.61787496e-05
 1.96055598e-05 2.01766598e-05]"
cf252source.py,14.6,0.85,0.4,"[9.31808473e-08 1.27711043e-07 1.96151851e-07 ... 1.62226842e-05
 1.96494944e-05 2.02205944e-05]"
cf252source.py,14.6,0.85,0.5,"[9.31808473e-08 1.62393688e-07 2.30834496e-07 ... 1.62666189e-05
 1.96934291e-05 2.02645291e-05]"
cf252source.py,14.6,0.85,0.6,"[9.31808473e-08 1.95204122e-07 2.63644930e-07 ... 1.63105535e-05
 1.97373637e-05 2.03084638e-05]"
cf252source.py,14.6,0.85,0.7,"[9.31808473e-08 2.27077124e-07 2.95517931e-07 ... 1.63544882e-05
 1.97812984e-05 2.03523984e-05]"
cf252source.py,14.6,0.85,0.8,"[9.31808473e-08 2.43753925e-07 2.79524073e-07 ... 1.63984229e-05
 1.98252330e-05 2.03963331e-05]"
cf252source.py,14.6,0.85,0.9,"[9.31808473e-08 2.43753925e-07 3.35143164e-07 ... 1.64423575e-05
 1.98691677e-05 2.04402677e-05]"
cf252source.py,14.6,0.85,1.0,"[9.31808473e-08 2.43753925e-07 3.80566922e-07 ... 1.64862922e-05
 1.99131024e-05 2.04842024e-05]"
cf252source.py,14.6,0.95,0.1,"[2.98841638e-08 1.95120803e-07 2.25441909e-07 ... 1.44017281e-05
 1.74678214e-05 1.79788056e-05]"
cf252source.py,14.6,0.95,0.2,"[5.97683277e-08 2.25004967e-07 2.55326073e-07 ... 1.44456627e-05
 1.75117561e-05 1.80227403e-05]"
cf252source.py,14.6,0.95,0.3,"[8.96524915e-08 2.54889131e-07 2.85210237e-07 ... 1.44895974e-05
 1.75556907e-05 1.80666750e-05]"
cf252source.py,14.6,0.95,0.4,"[9.31808473e-08 1.27711043e-07 1.88947555e-07 ... 1.45335321e-05
 1.75996254e-05 1.81106096e-05]"
cf252source.py,14.6,0.95,0.5,"[9.31808473e-08 1.62393688e-07 2.23630200e-07 ... 1.45774667e-05
 1.76435600e-05 1.81545443e-05]"
cf252source.py,14.6,0.95,0.6,"[9.31808473e-08 1.95204122e-07 2.56440634e-07 ... 1.46214014e-05
 1.76874947e-05 1.81984789e-05]"
cf252source.py,14.6,0.95,0.7,"[9.31808473e-08 2.27077124e-07 2.88313636e-07 ... 1.46653360e-05
 1.77314294e-05 1.82424136e-05]"
cf252source.py,14.6,0.95,0.8,"[9.31808473e-08 2.43753925e-07 2.79524073e-07 ... 1.47092707e-05
 1.77753640e-05 1.82863482e-05]"
cf252source.py,14.6,0.95,0.9,"[9.31808473e-08 2.43753925e-07 3.35143164e-07 ... 1.47532053e-05
 1.78192987e-05 1.83302829e-05]"
cf252source.py,14.6,0.95,1.0,"[9.31808473e-08 2.43753925e-07 3.80566922e-07 ... 1.47971400e-05
 1.78632333e-05 1.83742176e-05]"
cf252source.py,14.6,1.05,0.1,"[2.98841638e-08 1.79383980e-07 2.06817362e-07 ... 1.30343192e-05
 1.58084036e-05 1.62707227e-05]"
cf252source.py,14.6,1.05,0.2,"[5.97683277e-08 2.09268144e-07 2.36701526e-07 ... 1.30782538e-05
 1.58523383e-05 1.63146574e-05]"
cf252source.py,14.6,1.05,0.3,"[8.96524915e-08 2.39152308e-07 2.66585690e-07 ... 1.31221885e-05
 1.58962729e-05 1.63585920e-05]"
cf252source.py,14.6,1.05,0.4,"[9.31808473e-08 1.27711043e-07 1.83115506e-07 ... 1.31661232e-05
 1.59402076e-05 1.64025267e-05]"
cf252source.py,14.6,1.05,0.5,"[9.31808473e-08 1.62393688e-07 2.17798152e-07 ... 1.32100578e-05
 1.59841423e-05 1.64464613e-05]"
cf252source.py,14.6,1.05,0.6,"[9.31808473e-08 1.95204122e-07 2.50608585e-07 ... 1.32539925e-05
 1.60280769e-05 1.64903960e-05]"
cf252source.py,14.6,1.05,0.7,"[9.31808473e-08 2.27077124e-07 2.82481587e-07 ... 1.32979271e-05
 1.60720116e-05 1.65343306e-05]"
cf252source.py,14.6,1.05,0.8,"[9.31808473e-08 2.43753925e-07 2.79524073e-07 ... 1.33418618e-05
 1.61159462e-05 1.65782653e-05]"
cf252source.py,14.6,1.05,0.9,"[9.31808473e-08 2.43753925e-07 3.35143164e-07 ... 1.33857964e-05
 1.61598809e-05 1.66222000e-05]"
cf252source.py,14.6,1.05,1.0,"[9.31808473e-08 2.43753925e-07 3.80566922e-07 ... 1.34297311e-05
 1.62038155e-05 1.66661346e-05]"
cf252source.py,14.7,0.45,0.1,"[2.98841638e-08 3.78717069e-07 4.42728293e-07 ... 3.03548319e-05
 3.68276956e-05 3.79064401e-05]"
cf252source.py,14.7,0.45,0.2,"[5.97683277e-08 4.08601233e-07 4.72612457e-07 ... 3.03987665e-05
 3.68716303e-05 3.79503747e-05]"
cf252source.py,14.7,0.45,0.3,"[8.96524915e-08 4.38485397e-07 5.02496621e-07 ... 3.04427012e-05
 3.69155649e-05 3.79943094e-05]"
cf252source.py,14.7,0.45,0.4,"[9.25469640e-08 1.27827625e-07 2.57104706e-07 ... 3.04866359e-05
 3.69594996e-05 3.80382441e-05]"
cf252source.py,14.7,0.45,0.5,"[9.25469640e-08 1.62427720e-07 2.91704801e-07 ... 3.05305705e-05
 3.70034342e-05 3.80821787e-05]"
cf252source.py,14.7,0.45,0.6,"[9.25469640e-08 1.95191791e-07 3.24468872e-07 ... 3.05745052e-05
 3.70473689e-05 3.81261134e-05]"
cf252source.py,14.7,0.45,0.7,"[9.25469640e-08 2.27034475e-07 3.56311556e-07 ... 3.06184398e-05
 3.70913035e-05 3.81700480e-05]"
cf252source.py,14.7,0.45,0.8,"[9.25469640e-08 2.42095735e-07 2.81151176e-07 ... 3.06623745e-05
 3.71352382e-05 3.82139827e-05]"
cf252source.py,14.7,0.45,0.9,"[9.25469640e-08 2.42095735e-07 3.35843955e-07 ... 3.07063091e-05
 3.71791729e-05 3.82579173e-05]"
cf252source.py,14.7,0.45,1.0,"[9.25469640e-08 2.42095735e-07 3.80869417e-07 ... 3.07502438e-05
 3.72231075e-05 3.83018520e-05]"
cf252source.py,14.7,0.55,0.1,"[2.98841638e-08 3.15292905e-07 3.67665724e-07 ... 2.48437597e-05
 3.01397391e-05 3.10223482e-05]"
cf252source.py,14.7,0.55,0.2,"[5.97683277e-08 3.45177069e-07 3.97549888e-07 ... 2.48876943e-05
 3.01836737e-05 3.10662828e-05]"
cf252source.py,14.7,0.55,0.3,"[8.96524915e-08 3.75061232e-07 4.27434052e-07 ... 2.49316290e-05
 3.02276084e-05 3.11102175e-05]"
cf252source.py,14.7,0.55,0.4,"[9.25469640e-08 1.27827625e-07 2.33599782e-07 ... 2.49755636e-05
 3.02715430e-05 3.11541522e-05]"
cf252source.py,14.7,0.55,0.5,"[9.25469640e-08 1.62427720e-07 2.68199877e-07 ... 2.50194983e-05
 3.03154777e-05 3.11980868e-05]"
cf252source.py,14.7,0.55,0.6,"[9.25469640e-08 1.95191791e-07 3.00963948e-07 ... 2.50634330e-05
 3.03594123e-05 3.12420215e-05]"
cf252source.py,14.7,0.55,0.7,"[9.25469640e-08 2.27034475e-07 3.32806632e-07 ... 2.51073676e-05
 3.04033470e-05 3.12859561e-05]"
cf252source.py,14.7,0.55,0.8,"[9.25469640e-08 2.42095735e-07 2.81151176e-07 ... 2.51513023e-05
 3.04472817e-05 3.13298908e-05]"
cf252source.py,14.7,0.55,0.9,"[9.25469640e-08 2.42095735e-07 3.35843955e-07 ... 2.51952369e-05
 3.04912163e-05 3.13738254e-05]"
cf252source.py,14.7,0.55,1.0,"[9.25469640e-08 2.42095735e-07 3.80869417e-07 ... 2.52391716e-05
 3.05351510e-05 3.14177601e-05]"
cf252source.py,14.7,0.65,0.1,"[2.98841638e-08 2.71383868e-07 3.15699330e-07 ... 2.10284020e-05
 2.55096153e-05 2.62564384e-05]"
cf252source.py,14.7,0.65,0.2,"[5.97683277e-08 3.01268032e-07 3.45583494e-07 ... 2.10723366e-05
 2.55535500e-05 2.63003731e-05]"
cf252source.py,14.7,0.65,0.3,"[8.96524915e-08 3.31152195e-07 3.75467658e-07 ... 2.11162713e-05
 2.55974846e-05 2.63443077e-05]"
cf252source.py,14.7,0.65,0.4,"[9.25469640e-08 1.27827625e-07 2.17327143e-07 ... 2.11602059e-05
 2.56414193e-05 2.63882424e-05]"
cf252source.py,14.7,0.65,0.5,"[9.25469640e-08 1.62427720e-07 2.51927237e-07 ... 2.12041406e-05
 2.56853539e-05 2.64321770e-05]"
cf252source.py,14.7,0.65,0.6,"[9.25469640e-08 1.95191791e-07 2.84691308e-07 ... 2.12480753e-05
 2.57292886e-05 2.64761117e-05]"
cf252source.py,14.7,0.65,0.7,"[9.25469640e-08 2.27034475e-07 3.16533992e-07 ... 2.12920099e-05
 2.57732233e-05 2.65200464e-05]"
cf252source.py,14.7,0.65,0.8,"[9.25469640e-08 2.42095735e-07 2.81151176e-07 ... 2.13359446e-05
 2.58171579e-05 2.65639810e-05]"
cf252source.py,14.7,0.65,0.9,"[9.25469640e-08 2.42095735e-07 3.35843955e-07 ... 2.13798792e-05
 2.58610926e-05 2.66079157e-05]"
cf252source.py,14.7,0.65,1.0,"[9.25469640e-08 2.42095735e-07 3.80869417e-07 ... 2.14238139e-05
 2.59050272e-05 2.66518503e-05]"
cf252source.py,14.7,0.75,0.1,"[2.98841638e-08 2.39183907e-07 2.77590641e-07 ... 1.82304730e-05
 2.21141912e-05 2.27614379e-05]"
cf252source.py,14.7,0.75,0.2,"[5.97683277e-08 2.69068071e-07 3.07474805e-07 ... 1.82744077e-05
 2.21581259e-05 2.28053726e-05]"
cf252source.py,14.7,0.75,0.3,"[8.96524915e-08 2.98952235e-07 3.37358969e-07 ... 1.83183423e-05
 2.22020605e-05 2.28493072e-05]"
cf252source.py,14.7,0.75,0.4,"[9.25469640e-08 1.27827625e-07 2.05393874e-07 ... 1.83622770e-05
 2.22459952e-05 2.28932419e-05]"
cf252source.py,14.7,0.75,0.5,"[9.25469640e-08 1.62427720e-07 2.39993968e-07 ... 1.84062116e-05
 2.22899299e-05 2.29371765e-05]"
cf252source.py,14.7,0.75,0.6,"[9.25469640e-08 1.95191791e-07 2.72758039e-07 ... 1.84501463e-05
 2.23338645e-05 2.29811112e-05]"
cf252source.py,14.7,0.75,0.7,"[9.25469640e-08 2.27034475e-07 3.04600723e-07 ... 1.84940809e-05
 2.23777992e-05 2.30250459e-05]"
cf252source.py,14.7,0.75,0.8,"[9.25469640e-08 2.42095735e-07 2.81151176e-07 ... 1.85380156e-05
 2.24217338e-05 2.30689805e-05]"
cf252source.py,14.7,0.75,0.9,"[9.25469640e-08 2.42095735e-07 3.35843955e-07 ... 1.85819503e-05
 2.24656685e-05 2.31129152e-05]"
cf252source.py,14.7,0.75,1.0,"[9.25469640e-08 2.42095735e-07 3.80869417e-07 ... 1.86258849e-05
 2.25096031e-05 2.31568498e-05]"
cf252source.py,14.7,0.85,0.1,"[2.98841638e-08 2.14560408e-07 2.48448703e-07 ... 1.60908803e-05
 1.95176904e-05 2.00887905e-05]"
cf252source.py,14.7,0.85,0.2,"[5.97683277e-08 2.44444572e-07 2.78332867e-07 ... 1.61348149e-05
 1.95616251e-05 2.01327251e-05]"
cf252source.py,14.7,0.85,0.3,"[8.96524915e-08 2.74328736e-07 3.08217031e-07 ... 1.61787496e-05
 1.96055598e-05 2.01766598e-05]"
cf252source.py,14.7,0.85,0.4,"[9.25469640e-08 1.27827625e-07 1.96268433e-07 ... 1.62226842e-05
 1.96494944e-05 2.02205944e-05]"
cf252source.py,14.7,0.85,0.5,"[9.25469640e-08 1.62427720e-07 2.30868527e-07 ... 1.62666189e-05
 1.96934291e-05 2.02645291e-05]"
cf252source.py,14.7,0.85,0.6,"[9.25469640e-08 1.95191791e-07 2.63632598e-07 ... 1.63105535e-05
 1.97373637e-05 2.03084638e-05]"
cf252source.py,14.7,0.85,0.7,"[9.25469640e-08 2.27034475e-07 2.95475282e-07 ... 1.63544882e-05
 1.97812984e-05 2.03523984e-05]"
cf252source.py,14.7,0.85,0.8,"[9.25469640e-08 2.42095735e-07 2.81151176e-07 ... 1.63984229e-05
 1.98252330e-05 2.03963331e-05]"
cf252source.py,14.7,0.85,0.9,"[9.25469640e-08 2.42095735e-07 3.35843955e-07 ... 1.64423575e-05
 1.98691677e-05 2.04402677e-05]"
cf252source.py,14.7,0.85,1.0,"[9.25469640e-08 2.42095735e-07 3.80869417e-07 ... 1.64862922e-05
 1.99131024e-05 2.04842024e-05]"
cf252source.py,14.7,0.95,0.1,"[2.98841638e-08 1.95120803e-07 2.25441909e-07 ... 1.44017281e-05
 1.74678214e-05 1.79788056e-05]"
cf252source.py,14.7,0.95,0.2,"[5.97683277e-08 2.25004967e-07 2.55326073e-07 ... 1.44456627e-05
 1.75117561e-05 1.80227403e-05]"
cf252source.py,14.7,0.95,0.3,"[8.96524915e-08 2.54889131e-07 2.85210237e-07 ... 1.44895974e-05
 1.75556907e-05 1.80666750e-05]"
cf252source.py,14.7,0.95,0.4,"[9.25469640e-08 1.27827625e-07 1.89064137e-07 ... 1.45335321e-05
 1.75996254e-05 1.81106096e-05]"
cf252source.py,14.7,0.95,0.5,"[9.25469640e-08 1.62427720e-07 2.23664232e-07 ... 1.45774667e-05
 1.76435600e-05 1.81545443e-05]"
cf252source.py,14.7,0.95,0.6,"[9.25469640e-08 1.95191791e-07 2.56428303e-07 ... 1.46214014e-05
 1.76874947e-05 1.81984789e-05]"
cf252source.py,14.7,0.95,0.7,"[9.25469640e-08 2.27034475e-07 2.88270987e-07 ... 1.46653360e-05
 1.77314294e-05 1.82424136e-05]"
cf252source.py,14.7,0.95,0.8,"[9.25469640e-08 2.42095735e-07 2.81151176e-07 ... 1.47092707e-05
 1.77753640e-05 1.82863482e-05]"
cf252source.py,14.7,0.95,0.9,"[9.25469640e-08 2.42095735e-07 3.35843955e-07 ... 1.47532053e-05
 1.78192987e-05 1.83302829e-05]"
cf252source.py,14.7,0.95,1.0,"[9.25469640e-08 2.42095735e-07 3.80869417e-07 ... 1.47971400e-05
 1.78632333e-05 1.83742176e-05]"
cf252source.py,14.7,1.05,0.1,"[2.98841638e-08 1.79383980e-07 2.06817362e-07 ... 1.30343192e-05
 1.58084036e-05 1.62707227e-05]"
cf252source.py,14.7,1.05,0.2,"[5.97683277e-08 2.09268144e-07 2.36701526e-07 ... 1.30782538e-05
 1.58523383e-05 1.63146574e-05]"
cf252source.py,14.7,1.05,0.3,"[8.96524915e-08 2.39152308e-07 2.66585690e-07 ... 1.31221885e-05
 1.58962729e-05 1.63585920e-05]"
cf252source.py,14.7,1.05,0.4,"[9.25469640e-08 1.27827625e-07 1.83232088e-07 ... 1.31661232e-05
 1.59402076e-05 1.64025267e-05]"
cf252source.py,14.7,1.05,0.5,"[9.25469640e-08 1.62427720e-07 2.17832183e-07 ... 1.32100578e-05
 1.59841423e-05 1.64464613e-05]"
cf252source.py,14.7,1.05,0.6,"[9.25469640e-08 1.95191791e-07 2.50596254e-07 ... 1.32539925e-05
 1.60280769e-05 1.64903960e-05]"
cf252source.py,14.7,1.05,0.7,"[9.25469640e-08 2.27034475e-07 2.82438938e-07 ... 1.32979271e-05
 1.60720116e-05 1.65343306e-05]"
cf252source.py,14.7,1.05,0.8,"[9.25469640e-08 2.42095735e-07 2.81151176e-07 ... 1.33418618e-05
 1.61159462e-05 1.65782653e-05]"
cf252source.py,14.7,1.05,0.9,"[9.25469640e-08 2.42095735e-07 3.35843955e-07 ... 1.33857964e-05
 1.61598809e-05 1.66222000e-05]"
cf252source.py,14.7,1.05,1.0,"[9.25469640e-08 2.42095735e-07 3.80869417e-07 ... 1.34297311e-05
 1.62038155e-05 1.66661346e-05]"
cf252source.py,14.8,0.45,0.1,"[2.98841638e-08 3.78717069e-07 4.42728293e-07 ... 3.03548319e-05
 3.68276956e-05 3.79064401e-05]"
cf252source.py,14.8,0.45,0.2,"[5.97683277e-08 4.08601233e-07 4.72612457e-07 ... 3.03987665e-05
 3.68716303e-05 3.79503747e-05]"
cf252source.py,14.8,0.45,0.3,"[8.96524915e-08 4.38485397e-07 5.02496621e-07 ... 3.04427012e-05
 3.69155649e-05 3.79943094e-05]"
cf252source.py,14.8,0.45,0.4,"[9.19216467e-08 1.27939525e-07 2.57216606e-07 ... 3.04866359e-05
 3.69594996e-05 3.80382441e-05]"
cf252source.py,14.8,0.45,0.5,"[9.19216467e-08 1.62459323e-07 2.91736404e-07 ... 3.05305705e-05
 3.70034342e-05 3.80821787e-05]"
cf252source.py,14.8,0.45,0.6,"[9.19216467e-08 1.95178161e-07 3.24455242e-07 ... 3.05745052e-05
 3.70473689e-05 3.81261134e-05]"
cf252source.py,14.8,0.45,0.7,"[9.19216467e-08 2.26991224e-07 3.56268306e-07 ... 3.06184398e-05
 3.70913035e-05 3.81700480e-05]"
cf252source.py,14.8,0.45,0.8,"[9.19216467e-08 2.40459953e-07 2.82672110e-07 ... 3.06623745e-05
 3.71352382e-05 3.82139827e-05]"
cf252source.py,14.8,0.45,0.9,"[9.19216467e-08 2.40459953e-07 3.36502964e-07 ... 3.07063091e-05
 3.71791729e-05 3.82579173e-05]"
cf252source.py,14.8,0.45,1.0,"[9.19216467e-08 2.40459953e-07 3.81148352e-07 ... 3.07502438e-05
 3.72231075e-05 3.83018520e-05]"
cf252source.py,14.8,0.55,0.1,"[2.98841638e-08 3.15292905e-07 3.67665724e-07 ... 2.48437597e-05
 3.01397391e-05 3.10223482e-05]"
cf252source.py,14.8,0.55,0.2,"[5.97683277e-08 3.45177069e-07 3.97549888e-07 ... 2.48876943e-05
 3.01836737e-05 3.10662828e-05]"
cf252source.py,14.8,0.55,0.3,"[8.96524915e-08 3.75061232e-07 4.27434052e-07 ... 2.49316290e-05
 3.02276084e-05 3.11102175e-05]"
cf252source.py,14.8,0.55,0.4,"[9.19216467e-08 1.27939525e-07 2.33711682e-07 ... 2.49755636e-05
 3.02715430e-05 3.11541522e-05]"
cf252source.py,14.8,0.55,0.5,"[9.19216467e-08 1.62459323e-07 2.68231480e-07 ... 2.50194983e-05
 3.03154777e-05 3.11980868e-05]"
cf252source.py,14.8,0.55,0.6,"[9.19216467e-08 1.95178161e-07 3.00950318e-07 ... 2.50634330e-05
 3.03594123e-05 3.12420215e-05]"
cf252source.py,14.8,0.55,0.7,"[9.19216467e-08 2.26991224e-07 3.32763382e-07 ... 2.51073676e-05
 3.04033470e-05 3.12859561e-05]"
cf252source.py,14.8,0.55,0.8,"[9.19216467e-08 2.40459953e-07 2.82672110e-07 ... 2.51513023e-05
 3.04472817e-05 3.13298908e-05]"
cf252source.py,14.8,0.55,0.9,"[9.19216467e-08 2.40459953e-07 3.36502964e-07 ... 2.51952369e-05
 3.04912163e-05 3.13738254e-05]"
cf252source.py,14.8,0.55,1.0,"[9.19216467e-08 2.40459953e-07 3.81148352e-07 ... 2.52391716e-05
 3.05351510e-05 3.14177601e-05]"
cf252source.py,14.8,0.65,0.1,"[2.98841638e-08 2.71383868e-07 3.15699330e-07 ... 2.10284020e-05
 2.55096153e-05 2.62564384e-05]"
cf252source.py,14.8,0.65,0.2,"[5.97683277e-08 3.01268032e-07 3.45583494e-07 ... 2.10723366e-05
 2.55535500e-05 2.63003731e-05]"
cf252source.py,14.8,0.65,0.3,"[8.96524915e-08 3.31152195e-07 3.75467658e-07 ... 2.11162713e-05
 2.55974846e-05 2.63443077e-05]"
cf252source.py,14.8,0.65,0.4,"[9.19216467e-08 1.27939525e-07 2.17439043e-07 ... 2.11602059e-05
 2.56414193e-05 2.63882424e-05]"
cf252source.py,14.8,0.65,0.5,"[9.19216467e-08 1.62459323e-07 2.51958840e-07 ... 2.12041406e-05
 2.56853539e-05 2.64321770e-05]"
cf252source.py,14.8,0.65,0.6,"[9.19216467e-08 1.95178161e-07 2.84677678e-07 ... 2.12480753e-05
 2.57292886e-05 2.64761117e-05]"
cf252source.py,14.8,0.65,0.7,"[9.19216467e-08 2.26991224e-07 3.16490742e-07 ... 2.12920099e-05
 2.57732233e-05 2.65200464e-05]"
cf252source.py,14.8,0.65,0.8,"[9.19216467e-08 2.40459953e-07 2.82672110e-07 ... 2.13359446e-05
 2.58171579e-05 2.65639810e-05]"
cf252source.py,14.8,0.65,0.9,"[9.19216467e-08 2.40459953e-07 3.36502964e-07 ... 2.13798792e-05
 2.58610926e-05 2.66079157e-05]"
cf252source.py,14.8,0.65,1.0,"[9.19216467e-08 2.40459953e-07 3.81148352e-07 ... 2.14238139e-05
 2.59050272e-05 2.66518503e-05]"
cf252source.py,14.8,0.75,0.1,"[2.98841638e-08 2.39183907e-07 2.77590641e-07 ... 1.82304730e-05
 2.21141912e-05 2.27614379e-05]"
cf252source.py,14.8,0.75,0.2,"[5.97683277e-08 2.69068071e-07 3.07474805e-07 ... 1.82744077e-05
 2.21581259e-05 2.28053726e-05]"
cf252source.py,14.8,0.75,0.3,"[8.96524915e-08 2.98952235e-07 3.37358969e-07 ... 1.83183423e-05
 2.22020605e-05 2.28493072e-05]"
cf252source.py,14.8,0.75,0.4,"[9.19216467e-08 1.27939525e-07 2.05505774e-07 ... 1.83622770e-05
 2.22459952e-05 2.28932419e-05]"
cf252source.py,14.8,0.75,0.5,"[9.19216467e-08 1.62459323e-07 2.40025571e-07 ... 1.84062116e-05
 2.22899299e-05 2.29371765e-05]"
cf252source.py,14.8,0.75,0.6,"[9.19216467e-08 1.95178161e-07 2.72744409e-07 ... 1.84501463e-05
 2.23338645e-05 2.29811112e-05]"
cf252source.py,14.8,0.75,0.7,"[9.19216467e-08 2.26991224e-07 3.04557473e-07 ... 1.84940809e-05
 2.23777992e-05 2.30250459e-05]"
cf252source.py,14.8,0.75,0.8,"[9.19216467e-08 2.40459953e-07 2.82672110e-07 ... 1.85380156e-05
 2.24217338e-05 2.30689805e-05]"
cf252source.py,14.8,0.75,0.9,"[9.19216467e-08 2.40459953e-07 3.36502964e-07 ... 1.85819503e-05
 2.24656685e-05 2.31129152e-05]"
cf252source.py,14.8,0.75,1.0,"[9.19216467e-08 2.40459953e-07 3.81148352e-07 ... 1.86258849e-05
 2.25096031e-05 2.31568498e-05]"
cf252source.py,14.8,0.85,0.1,"[2.98841638e-08 2.14560408e-07 2.48448703e-07 ... 1.60908803e-05
 1.95176904e-05 2.00887905e-05]"
cf252source.py,14.8,0.85,0.2,"[5.97683277e-08 2.44444572e-07 2.78332867e-07 ... 1.61348149e-05
 1.95616251e-05 2.01327251e-05]"
cf252source.py,14.8,0.85,0.3,"[8.96524915e-08 2.74328736e-07 3.08217031e-07 ... 1.61787496e-05
 1.96055598e-05 2.01766598e-05]"
cf252source.py,14.8,0.85,0.4,"[9.19216467e-08 1.27939525e-07 1.96380333e-07 ... 1.62226842e-05
 1.96494944e-05 2.02205944e-05]"
cf252source.py,14.8,0.85,0.5,"[9.19216467e-08 1.62459323e-07 2.30900130e-07 ... 1.62666189e-05
 1.96934291e-05 2.02645291e-05]"
cf252source.py,14.8,0.85,0.6,"[9.19216467e-08 1.95178161e-07 2.63618968e-07 ... 1.63105535e-05
 1.97373637e-05 2.03084638e-05]"
cf252source.py,14.8,0.85,0.7,"[9.19216467e-08 2.26991224e-07 2.95432032e-07 ... 1.63544882e-05
 1.97812984e-05 2.03523984e-05]"
cf252source.py,14.8,0.85,0.8,"[9.19216467e-08 2.40459953e-07 2.82672110e-07 ... 1.63984229e-05
 1.98252330e-05 2.03963331e-05]"
cf252source.py,14.8,0.85,0.9,"[9.19216467e-08 2.40459953e-07 3.36502964e-07 ... 1.64423575e-05
 1.98691677e-05 2.04402677e-05]"
cf252source.py,14.8,0.85,1.0,"[9.19216467e-08 2.40459953e-07 3.81148352e-07 ... 1.64862922e-05
 1.99131024e-05 2.04842024e-05]"
cf252source.py,14.8,0.95,0.1,"[2.98841638e-08 1.95120803e-07 2.25441909e-07 ... 1.44017281e-05
 1.74678214e-05 1.79788056e-05]"
cf252source.py,14.8,0.95,0.2,"[5.97683277e-08 2.25004967e-07 2.55326073e-07 ... 1.44456627e-05
 1.75117561e-05 1.80227403e-05]"
cf252source.py,14.8,0.95,0.3,"[8.96524915e-08 2.54889131e-07 2.85210237e-07 ... 1.44895974e-05
 1.75556907e-05 1.80666750e-05]"
cf252source.py,14.8,0.95,0.4,"[9.19216467e-08 1.27939525e-07 1.89176037e-07 ... 1.45335321e-05
 1.75996254e-05 1.81106096e-05]"
cf252source.py,14.8,0.95,0.5,"[9.19216467e-08 1.62459323e-07 2.23695835e-07 ... 1.45774667e-05
 1.76435600e-05 1.81545443e-05]"
cf252source.py,14.8,0.95,0.6,"[9.19216467e-08 1.95178161e-07 2.56414673e-07 ... 1.46214014e-05
 1.76874947e-05 1.81984789e-05]"
cf252source.py,14.8,0.95,0.7,"[9.19216467e-08 2.26991224e-07 2.88227737e-07 ... 1.46653360e-05
 1.77314294e-05 1.82424136e-05]"
cf252source.py,14.8,0.95,0.8,"[9.19216467e-08 2.40459953e-07 2.82672110e-07 ... 1.47092707e-05
 1.77753640e-05 1.82863482e-05]"
cf252source.py,14.8,0.95,0.9,"[9.19216467e-08 2.40459953e-07 3.36502964e-07 ... 1.47532053e-05
 1.78192987e-05 1.83302829e-05]"
cf252source.py,14.8,0.95,1.0,"[9.19216467e-08 2.40459953e-07 3.81148352e-07 ... 1.47971400e-05
 1.78632333e-05 1.83742176e-05]"
cf252source.py,14.8,1.05,0.1,"[2.98841638e-08 1.79383980e-07 2.06817362e-07 ... 1.30343192e-05
 1.58084036e-05 1.62707227e-05]"
cf252source.py,14.8,1.05,0.2,"[5.97683277e-08 2.09268144e-07 2.36701526e-07 ... 1.30782538e-05
 1.58523383e-05 1.63146574e-05]"
cf252source.py,14.8,1.05,0.3,"[8.96524915e-08 2.39152308e-07 2.66585690e-07 ... 1.31221885e-05
 1.58962729e-05 1.63585920e-05]"
cf252source.py,14.8,1.05,0.4,"[9.19216467e-08 1.27939525e-07 1.83343988e-07 ... 1.31661232e-05
 1.59402076e-05 1.64025267e-05]"
cf252source.py,14.8,1.05,0.5,"[9.19216467e-08 1.62459323e-07 2.17863786e-07 ... 1.32100578e-05
 1.59841423e-05 1.64464613e-05]"
cf252source.py,14.8,1.05,0.6,"[9.19216467e-08 1.95178161e-07 2.50582624e-07 ... 1.32539925e-05
 1.60280769e-05 1.64903960e-05]"
cf252source.py,14.8,1.05,0.7,"[9.19216467e-08 2.26991224e-07 2.82395688e-07 ... 1.32979271e-05
 1.60720116e-05 1.65343306e-05]"
cf252source.py,14.8,1.05,0.8,"[9.19216467e-08 2.40459953e-07 2.82672110e-07 ... 1.33418618e-05
 1.61159462e-05 1.65782653e-05]"
cf252source.py,14.8,1.05,0.9,"[9.19216467e-08 2.40459953e-07 3.36502964e-07 ... 1.33857964e-05
 1.61598809e-05 1.66222000e-05]"
cf252source.py,14.8,1.05,1.0,"[9.19216467e-08 2.40459953e-07 3.81148352e-07 ... 1.34297311e-05
 1.62038155e-05 1.66661346e-05]"
cf252source.py,14.9,0.45,0.1,"[2.98841638e-08 3.78717069e-07 4.42728293e-07 ... 3.03548319e-05
 3.68276956e-05 3.79064401e-05]"
cf252source.py,14.9,0.45,0.2,"[5.97683277e-08 4.08601233e-07 4.72612457e-07 ... 3.03987665e-05
 3.68716303e-05 3.79503747e-05]"
cf252source.py,14.9,0.45,0.3,"[8.96524915e-08 4.38485397e-07 5.02496621e-07 ... 3.04427012e-05
 3.69155649e-05 3.79943094e-05]"
cf252source.py,14.9,0.45,0.4,"[9.13047229e-08 1.28046928e-07 2.57324009e-07 ... 3.04866359e-05
 3.69594996e-05 3.80382441e-05]"
cf252source.py,14.9,0.45,0.5,"[9.13047229e-08 1.62488596e-07 2.91765677e-07 ... 3.05305705e-05
 3.70034342e-05 3.80821787e-05]"
cf252source.py,14.9,0.45,0.6,"[9.13047229e-08 1.95163293e-07 3.24440374e-07 ... 3.05745052e-05
 3.70473689e-05 3.81261134e-05]"
cf252source.py,14.9,0.45,0.7,"[9.13047229e-08 2.26947411e-07 3.56224493e-07 ... 3.06184398e-05
 3.70913035e-05 3.81700480e-05]"
cf252source.py,14.9,0.45,0.8,"[9.13047229e-08 2.38846128e-07 2.84096280e-07 ... 3.06623745e-05
 3.71352382e-05 3.82139827e-05]"
cf252source.py,14.9,0.45,0.9,"[9.13047229e-08 2.38846128e-07 3.37122676e-07 ... 3.07063091e-05
 3.71791729e-05 3.82579173e-05]"
cf252source.py,14.9,0.45,1.0,"[9.13047229e-08 2.38846128e-07 3.81404967e-07 ... 3.07502438e-05
 3.72231075e-05 3.83018520e-05]"
cf252source.py,14.9,0.55,0.1,"[2.98841638e-08 3.15292905e-07 3.67665724e-07 ... 2.48437597e-05
 3.01397391e-05 3.10223482e-05]"
cf252source.py,14.9,0.55,0.2,"[5.97683277e-08 3.45177069e-07 3.97549888e-07 ... 2.48876943e-05
 3.01836737e-05 3.10662828e-05]"
cf252source.py,14.9,0.55,0.3,"[8.96524915e-08 3.75061232e-07 4.27434052e-07 ... 2.49316290e-05
 3.02276084e-05 3.11102175e-05]"
cf252source.py,14.9,0.55,0.4,"[9.13047229e-08 1.28046928e-07 2.33819085e-07 ... 2.49755636e-05
 3.02715430e-05 3.11541522e-05]"
cf252source.py,14.9,0.55,0.5,"[9.13047229e-08 1.62488596e-07 2.68260753e-07 ... 2.50194983e-05
 3.03154777e-05 3.11980868e-05]"
cf252source.py,14.9,0.55,0.6,"[9.13047229e-08 1.95163293e-07 3.00935450e-07 ... 2.50634330e-05
 3.03594123e-05 3.12420215e-05]"
cf252source.py,14.9,0.55,0.7,"[9.13047229e-08 2.26947411e-07 3.32719569e-07 ... 2.51073676e-05
 3.04033470e-05 3.12859561e-05]"
cf252source.py,14.9,0.55,0.8,"[9.13047229e-08 2.38846128e-07 2.84096280e-07 ... 2.51513023e-05
 3.04472817e-05 3.13298908e-05]"
cf252source.py,14.9,0.55,0.9,"[9.13047229e-08 2.38846128e-07 3.37122676e-07 ... 2.51952369e-05
 3.04912163e-05 3.13738254e-05]"
cf252source.py,14.9,0.55,1.0,"[9.13047229e-08 2.38846128e-07 3.81404967e-07 ... 2.52391716e-05
 3.05351510e-05 3.14177601e-05]"
cf252source.py,14.9,0.65,0.1,"[2.98841638e-08 2.71383868e-07 3.15699330e-07 ... 2.10284020e-05
 2.55096153e-05 2.62564384e-05]"
cf252source.py,14.9,0.65,0.2,"[5.97683277e-08 3.01268032e-07 3.45583494e-07 ... 2.10723366e-05
 2.55535500e-05 2.63003731e-05]"
cf252source.py,14.9,0.65,0.3,"[8.96524915e-08 3.31152195e-07 3.75467658e-07 ... 2.11162713e-05
 2.55974846e-05 2.63443077e-05]"
cf252source.py,14.9,0.65,0.4,"[9.13047229e-08 1.28046928e-07 2.17546445e-07 ... 2.11602059e-05
 2.56414193e-05 2.63882424e-05]"
cf252source.py,14.9,0.65,0.5,"[9.13047229e-08 1.62488596e-07 2.51988114e-07 ... 2.12041406e-05
 2.56853539e-05 2.64321770e-05]"
cf252source.py,14.9,0.65,0.6,"[9.13047229e-08 1.95163293e-07 2.84662811e-07 ... 2.12480753e-05
 2.57292886e-05 2.64761117e-05]"
cf252source.py,14.9,0.65,0.7,"[9.13047229e-08 2.26947411e-07 3.16446929e-07 ... 2.12920099e-05
 2.57732233e-05 2.65200464e-05]"
cf252source.py,14.9,0.65,0.8,"[9.13047229e-08 2.38846128e-07 2.84096280e-07 ... 2.13359446e-05
 2.58171579e-05 2.65639810e-05]"
cf252source.py,14.9,0.65,0.9,"[9.13047229e-08 2.38846128e-07 3.37122676e-07 ... 2.13798792e-05
 2.58610926e-05 2.66079157e-05]"
cf252source.py,14.9,0.65,1.0,"[9.13047229e-08 2.38846128e-07 3.81404967e-07 ... 2.14238139e-05
 2.59050272e-05 2.66518503e-05]"
cf252source.py,14.9,0.75,0.1,"[2.98841638e-08 2.39183907e-07 2.77590641e-07 ... 1.82304730e-05
 2.21141912e-05 2.27614379e-05]"
cf252source.py,14.9,0.75,0.2,"[5.97683277e-08 2.69068071e-07 3.07474805e-07 ... 1.82744077e-05
 2.21581259e-05 2.28053726e-05]"
cf252source.py,14.9,0.75,0.3,"[8.96524915e-08 2.98952235e-07 3.37358969e-07 ... 1.83183423e-05
 2.22020605e-05 2.28493072e-05]"
cf252source.py,14.9,0.75,0.4,"[9.13047229e-08 1.28046928e-07 2.05613176e-07 ... 1.83622770e-05
 2.22459952e-05 2.28932419e-05]"
cf252source.py,14.9,0.75,0.5,"[9.13047229e-08 1.62488596e-07 2.40054845e-07 ... 1.84062116e-05
 2.22899299e-05 2.29371765e-05]"
cf252source.py,14.9,0.75,0.6,"[9.13047229e-08 1.95163293e-07 2.72729542e-07 ... 1.84501463e-05
 2.23338645e-05 2.29811112e-05]"
cf252source.py,14.9,0.75,0.7,"[9.13047229e-08 2.26947411e-07 3.04513660e-07 ... 1.84940809e-05
 2.23777992e-05 2.30250459e-05]"
cf252source.py,14.9,0.75,0.8,"[9.13047229e-08 2.38846128e-07 2.84096280e-07 ... 1.85380156e-05
 2.24217338e-05 2.30689805e-05]"
cf252source.py,14.9,0.75,0.9,"[9.13047229e-08 2.38846128e-07 3.37122676e-07 ... 1.85819503e-05
 2.24656685e-05 2.31129152e-05]"
cf252source.py,14.9,0.75,1.0,"[9.13047229e-08 2.38846128e-07 3.81404967e-07 ... 1.86258849e-05
 2.25096031e-05 2.31568498e-05]"
cf252source.py,14.9,0.85,0.1,"[2.98841638e-08 2.14560408e-07 2.48448703e-07 ... 1.60908803e-05
 1.95176904e-05 2.00887905e-05]"
cf252source.py,14.9,0.85,0.2,"[5.97683277e-08 2.44444572e-07 2.78332867e-07 ... 1.61348149e-05
 1.95616251e-05 2.01327251e-05]"
cf252source.py,14.9,0.85,0.3,"[8.96524915e-08 2.74328736e-07 3.08217031e-07 ... 1.61787496e-05
 1.96055598e-05 2.01766598e-05]"
cf252source.py,14.9,0.85,0.4,"[9.13047229e-08 1.28046928e-07 1.96487735e-07 ... 1.62226842e-05
 1.96494944e-05 2.02205944e-05]"
cf252source.py,14.9,0.85,0.5,"[9.13047229e-08 1.62488596e-07 2.30929404e-07 ... 1.62666189e-05
 1.96934291e-05 2.02645291e-05]"
cf252source.py,14.9,0.85,0.6,"[9.13047229e-08 1.95163293e-07 2.63604100e-07 ... 1.63105535e-05
 1.97373637e-05 2.03084638e-05]"
cf252source.py,14.9,0.85,0.7,"[9.13047229e-08 2.26947411e-07 2.95388219e-07 ... 1.63544882e-05
 1.97812984e-05 2.03523984e-05]"
cf252source.py,14.9,0.85,0.8,"[9.13047229e-08 2.38846128e-07 2.84096280e-07 ... 1.63984229e-05
 1.98252330e-05 2.03963331e-05]"
cf252source.py,14.9,0.85,0.9,"[9.13047229e-08 2.38846128e-07 3.37122676e-07 ... 1.64423575e-05
 1.98691677e-05 2.04402677e-05]"
cf252source.py,14.9,0.85,1.0,"[9.13047229e-08 2.38846128e-07 3.81404967e-07 ... 1.64862922e-05
 1.99131024e-05 2.04842024e-05]"
cf252source.py,14.9,0.95,0.1,"[2.98841638e-08 1.95120803e-07 2.25441909e-07 ... 1.44017281e-05
 1.74678214e-05 1.79788056e-05]"
cf252source.py,14.9,0.95,0.2,"[5.97683277e-08 2.25004967e-07 2.55326073e-07 ... 1.44456627e-05
 1.75117561e-05 1.80227403e-05]"
cf252source.py,14.9,0.95,0.3,"[8.96524915e-08 2.54889131e-07 2.85210237e-07 ... 1.44895974e-05
 1.75556907e-05 1.80666750e-05]"
cf252source.py,14.9,0.95,0.4,"[9.13047229e-08 1.28046928e-07 1.89283440e-07 ... 1.45335321e-05
 1.75996254e-05 1.81106096e-05]"
cf252source.py,14.9,0.95,0.5,"[9.13047229e-08 1.62488596e-07 2.23725108e-07 ... 1.45774667e-05
 1.76435600e-05 1.81545443e-05]"
cf252source.py,14.9,0.95,0.6,"[9.13047229e-08 1.95163293e-07 2.56399805e-07 ... 1.46214014e-05
 1.76874947e-05 1.81984789e-05]"
cf252source.py,14.9,0.95,0.7,"[9.13047229e-08 2.26947411e-07 2.88183924e-07 ... 1.46653360e-05
 1.77314294e-05 1.82424136e-05]"
cf252source.py,14.9,0.95,0.8,"[9.13047229e-08 2.38846128e-07 2.84096280e-07 ... 1.47092707e-05
 1.77753640e-05 1.82863482e-05]"
cf252source.py,14.9,0.95,0.9,"[9.13047229e-08 2.38846128e-07 3.37122676e-07 ... 1.47532053e-05
 1.78192987e-05 1.83302829e-05]"
cf252source.py,14.9,0.95,1.0,"[9.13047229e-08 2.38846128e-07 3.81404967e-07 ... 1.47971400e-05
 1.78632333e-05 1.83742176e-05]"
cf252source.py,14.9,1.05,0.1,"[2.98841638e-08 1.79383980e-07 2.06817362e-07 ... 1.30343192e-05
 1.58084036e-05 1.62707227e-05]"
cf252source.py,14.9,1.05,0.2,"[5.97683277e-08 2.09268144e-07 2.36701526e-07 ... 1.30782538e-05
 1.58523383e-05 1.63146574e-05]"
cf252source.py,14.9,1.05,0.3,"[8.96524915e-08 2.39152308e-07 2.66585690e-07 ... 1.31221885e-05
 1.58962729e-05 1.63585920e-05]"
cf252source.py,14.9,1.05,0.4,"[9.13047229e-08 1.28046928e-07 1.83451391e-07 ... 1.31661232e-05
 1.59402076e-05 1.64025267e-05]"
cf252source.py,14.9,1.05,0.5,"[9.13047229e-08 1.62488596e-07 2.17893059e-07 ... 1.32100578e-05
 1.59841423e-05 1.64464613e-05]"
cf252source.py,14.9,1.05,0.6,"[9.13047229e-08 1.95163293e-07 2.50567756e-07 ... 1.32539925e-05
 1.60280769e-05 1.64903960e-05]"
cf252source.py,14.9,1.05,0.7,"[9.13047229e-08 2.26947411e-07 2.82351875e-07 ... 1.32979271e-05
 1.60720116e-05 1.65343306e-05]"
cf252source.py,14.9,1.05,0.8,"[9.13047229e-08 2.38846128e-07 2.84096280e-07 ... 1.33418618e-05
 1.61159462e-05 1.65782653e-05]"
cf252source.py,14.9,1.05,0.9,"[9.13047229e-08 2.38846128e-07 3.37122676e-07 ... 1.33857964e-05
 1.61598809e-05 1.66222000e-05]"
cf252source.py,14.9,1.05,1.0,"[9.13047229e-08 2.38846128e-07 3.81404967e-07 ... 1.34297311e-05
 1.62038155e-05 1.66661346e-05]"
cf252source.py,15.0,0.45,0.1,"[2.98841638e-08 3.78717069e-07 4.42728293e-07 ... 3.03548319e-05
 3.68276956e-05 3.79064401e-05]"
cf252source.py,15.0,0.45,0.2,"[5.97683277e-08 4.08601233e-07 4.72612457e-07 ... 3.03987665e-05
 3.68716303e-05 3.79503747e-05]"
cf252source.py,15.0,0.45,0.3,"[8.96524915e-08 4.38485397e-07 5.02496621e-07 ... 3.04427012e-05
 3.69155649e-05 3.79943094e-05]"
cf252source.py,15.0,0.45,0.4,"[9.06960247e-08 1.28150009e-07 2.57427090e-07 ... 3.04866359e-05
 3.69594996e-05 3.80382441e-05]"
cf252source.py,15.0,0.45,0.5,"[9.06960247e-08 1.62515633e-07 2.91792714e-07 ... 3.05305705e-05
 3.70034342e-05 3.80821787e-05]"
cf252source.py,15.0,0.45,0.6,"[9.06960247e-08 1.95147244e-07 3.24424325e-07 ... 3.05745052e-05
 3.70473689e-05 3.81261134e-05]"
cf252source.py,15.0,0.45,0.7,"[9.06960247e-08 2.26903072e-07 3.56180153e-07 ... 3.06184398e-05
 3.70913035e-05 3.81700480e-05]"
cf252source.py,15.0,0.45,0.8,"[9.06960247e-08 2.37253821e-07 2.85431890e-07 ... 3.06623745e-05
 3.71352382e-05 3.82139827e-05]"
cf252source.py,15.0,0.45,0.9,"[9.06960247e-08 2.37253821e-07 3.37705386e-07 ... 3.07063091e-05
 3.71791729e-05 3.82579173e-05]"
cf252source.py,15.0,0.45,1.0,"[9.06960247e-08 2.37253821e-07 3.81640426e-07 ... 3.07502438e-05
 3.72231075e-05 3.83018520e-05]"
cf252source.py,15.0,0.55,0.1,"[2.98841638e-08 3.15292905e-07 3.67665724e-07 ... 2.48437597e-05
 3.01397391e-05 3.10223482e-05]"
cf252source.py,15.0,0.55,0.2,"[5.97683277e-08 3.45177069e-07 3.97549888e-07 ... 2.48876943e-05
 3.01836737e-05 3.10662828e-05]"
cf252source.py,15.0,0.55,0.3,"[8.96524915e-08 3.75061232e-07 4.27434052e-07 ... 2.49316290e-05
 3.02276084e-05 3.11102175e-05]"
cf252source.py,15.0,0.55,0.4,"[9.06960247e-08 1.28150009e-07 2.33922167e-07 ... 2.49755636e-05
 3.02715430e-05 3.11541522e-05]"
cf252source.py,15.0,0.55,0.5,"[9.06960247e-08 1.62515633e-07 2.68287790e-07 ... 2.50194983e-05
 3.03154777e-05 3.11980868e-05]"
cf252source.py,15.0,0.55,0.6,"[9.06960247e-08 1.95147244e-07 3.00919402e-07 ... 2.50634330e-05
 3.03594123e-05 3.12420215e-05]"
cf252source.py,15.0,0.55,0.7,"[9.06960247e-08 2.26903072e-07 3.32675229e-07 ... 2.51073676e-05
 3.04033470e-05 3.12859561e-05]"
cf252source.py,15.0,0.55,0.8,"[9.06960247e-08 2.37253821e-07 2.85431890e-07 ... 2.51513023e-05
 3.04472817e-05 3.13298908e-05]"
cf252source.py,15.0,0.55,0.9,"[9.06960247e-08 2.37253821e-07 3.37705386e-07 ... 2.51952369e-05
 3.04912163e-05 3.13738254e-05]"
cf252source.py,15.0,0.55,1.0,"[9.06960247e-08 2.37253821e-07 3.81640426e-07 ... 2.52391716e-05
 3.05351510e-05 3.14177601e-05]"
cf252source.py,15.0,0.65,0.1,"[2.98841638e-08 2.71383868e-07 3.15699330e-07 ... 2.10284020e-05
 2.55096153e-05 2.62564384e-05]"
cf252source.py,15.0,0.65,0.2,"[5.97683277e-08 3.01268032e-07 3.45583494e-07 ... 2.10723366e-05
 2.55535500e-05 2.63003731e-05]"
cf252source.py,15.0,0.65,0.3,"[8.96524915e-08 3.31152195e-07 3.75467658e-07 ... 2.11162713e-05
 2.55974846e-05 2.63443077e-05]"
cf252source.py,15.0,0.65,0.4,"[9.06960247e-08 1.28150009e-07 2.17649527e-07 ... 2.11602059e-05
 2.56414193e-05 2.63882424e-05]"
cf252source.py,15.0,0.65,0.5,"[9.06960247e-08 1.62515633e-07 2.52015151e-07 ... 2.12041406e-05
 2.56853539e-05 2.64321770e-05]"
cf252source.py,15.0,0.65,0.6,"[9.06960247e-08 1.95147244e-07 2.84646762e-07 ... 2.12480753e-05
 2.57292886e-05 2.64761117e-05]"
cf252source.py,15.0,0.65,0.7,"[9.06960247e-08 2.26903072e-07 3.16402590e-07 ... 2.12920099e-05
 2.57732233e-05 2.65200464e-05]"
cf252source.py,15.0,0.65,0.8,"[9.06960247e-08 2.37253821e-07 2.85431890e-07 ... 2.13359446e-05
 2.58171579e-05 2.65639810e-05]"
cf252source.py,15.0,0.65,0.9,"[9.06960247e-08 2.37253821e-07 3.37705386e-07 ... 2.13798792e-05
 2.58610926e-05 2.66079157e-05]"
cf252source.py,15.0,0.65,1.0,"[9.06960247e-08 2.37253821e-07 3.81640426e-07 ... 2.14238139e-05
 2.59050272e-05 2.66518503e-05]"
cf252source.py,15.0,0.75,0.1,"[2.98841638e-08 2.39183907e-07 2.77590641e-07 ... 1.82304730e-05
 2.21141912e-05 2.27614379e-05]"
cf252source.py,15.0,0.75,0.2,"[5.97683277e-08 2.69068071e-07 3.07474805e-07 ... 1.82744077e-05
 2.21581259e-05 2.28053726e-05]"
cf252source.py,15.0,0.75,0.3,"[8.96524915e-08 2.98952235e-07 3.37358969e-07 ... 1.83183423e-05
 2.22020605e-05 2.28493072e-05]"
cf252source.py,15.0,0.75,0.4,"[9.06960247e-08 1.28150009e-07 2.05716258e-07 ... 1.83622770e-05
 2.22459952e-05 2.28932419e-05]"
cf252source.py,15.0,0.75,0.5,"[9.06960247e-08 1.62515633e-07 2.40081882e-07 ... 1.84062116e-05
 2.22899299e-05 2.29371765e-05]"
cf252source.py,15.0,0.75,0.6,"[9.06960247e-08 1.95147244e-07 2.72713493e-07 ... 1.84501463e-05
 2.23338645e-05 2.29811112e-05]"
cf252source.py,15.0,0.75,0.7,"[9.06960247e-08 2.26903072e-07 3.04469321e-07 ... 1.84940809e-05
 2.23777992e-05 2.30250459e-05]"
cf252source.py,15.0,0.75,0.8,"[9.06960247e-08 2.37253821e-07 2.85431890e-07 ... 1.85380156e-05
 2.24217338e-05 2.30689805e-05]"
cf252source.py,15.0,0.75,0.9,"[9.06960247e-08 2.37253821e-07 3.37705386e-07 ... 1.85819503e-05
 2.24656685e-05 2.31129152e-05]"
cf252source.py,15.0,0.75,1.0,"[9.06960247e-08 2.37253821e-07 3.81640426e-07 ... 1.86258849e-05
 2.25096031e-05 2.31568498e-05]"
cf252source.py,15.0,0.85,0.1,"[2.98841638e-08 2.14560408e-07 2.48448703e-07 ... 1.60908803e-05
 1.95176904e-05 2.00887905e-05]"
cf252source.py,15.0,0.85,0.2,"[5.97683277e-08 2.44444572e-07 2.78332867e-07 ... 1.61348149e-05
 1.95616251e-05 2.01327251e-05]"
cf252source.py,15.0,0.85,0.3,"[8.96524915e-08 2.74328736e-07 3.08217031e-07 ... 1.61787496e-05
 1.96055598e-05 2.01766598e-05]"
cf252source.py,15.0,0.85,0.4,"[9.06960247e-08 1.28150009e-07 1.96590817e-07 ... 1.62226842e-05
 1.96494944e-05 2.02205944e-05]"
cf252source.py,15.0,0.85,0.5,"[9.06960247e-08 1.62515633e-07 2.30956441e-07 ... 1.62666189e-05
 1.96934291e-05 2.02645291e-05]"
cf252source.py,15.0,0.85,0.6,"[9.06960247e-08 1.95147244e-07 2.63588052e-07 ... 1.63105535e-05
 1.97373637e-05 2.03084638e-05]"
cf252source.py,15.0,0.85,0.7,"[9.06960247e-08 2.26903072e-07 2.95343880e-07 ... 1.63544882e-05
 1.97812984e-05 2.03523984e-05]"
cf252source.py,15.0,0.85,0.8,"[9.06960247e-08 2.37253821e-07 2.85431890e-07 ... 1.63984229e-05
 1.98252330e-05 2.03963331e-05]"
cf252source.py,15.0,0.85,0.9,"[9.06960247e-08 2.37253821e-07 3.37705386e-07 ... 1.64423575e-05
 1.98691677e-05 2.04402677e-05]"
cf252source.py,15.0,0.85,1.0,"[9.06960247e-08 2.37253821e-07 3.81640426e-07 ... 1.64862922e-05
 1.99131024e-05 2.04842024e-05]"
cf252source.py,15.0,0.95,0.1,"[2.98841638e-08 1.95120803e-07 2.25441909e-07 ... 1.44017281e-05
 1.74678214e-05 1.79788056e-05]"
cf252source.py,15.0,0.95,0.2,"[5.97683277e-08 2.25004967e-07 2.55326073e-07 ... 1.44456627e-05
 1.75117561e-05 1.80227403e-05]"
cf252source.py,15.0,0.95,0.3,"[8.96524915e-08 2.54889131e-07 2.85210237e-07 ... 1.44895974e-05
 1.75556907e-05 1.80666750e-05]"
cf252source.py,15.0,0.95,0.4,"[9.06960247e-08 1.28150009e-07 1.89386521e-07 ... 1.45335321e-05
 1.75996254e-05 1.81106096e-05]"
cf252source.py,15.0,0.95,0.5,"[9.06960247e-08 1.62515633e-07 2.23752145e-07 ... 1.45774667e-05
 1.76435600e-05 1.81545443e-05]"
cf252source.py,15.0,0.95,0.6,"[9.06960247e-08 1.95147244e-07 2.56383756e-07 ... 1.46214014e-05
 1.76874947e-05 1.81984789e-05]"
cf252source.py,15.0,0.95,0.7,"[9.06960247e-08 2.26903072e-07 2.88139584e-07 ... 1.46653360e-05
 1.77314294e-05 1.82424136e-05]"
cf252source.py,15.0,0.95,0.8,"[9.06960247e-08 2.37253821e-07 2.85431890e-07 ... 1.47092707e-05
 1.77753640e-05 1.82863482e-05]"
cf252source.py,15.0,0.95,0.9,"[9.06960247e-08 2.37253821e-07 3.37705386e-07 ... 1.47532053e-05
 1.78192987e-05 1.83302829e-05]"
cf252source.py,15.0,0.95,1.0,"[9.06960247e-08 2.37253821e-07 3.81640426e-07 ... 1.47971400e-05
 1.78632333e-05 1.83742176e-05]"
cf252source.py,15.0,1.05,0.1,"[2.98841638e-08 1.79383980e-07 2.06817362e-07 ... 1.30343192e-05
 1.58084036e-05 1.62707227e-05]"
cf252source.py,15.0,1.05,0.2,"[5.97683277e-08 2.09268144e-07 2.36701526e-07 ... 1.30782538e-05
 1.58523383e-05 1.63146574e-05]"
cf252source.py,15.0,1.05,0.3,"[8.96524915e-08 2.39152308e-07 2.66585690e-07 ... 1.31221885e-05
 1.58962729e-05 1.63585920e-05]"
cf252source.py,15.0,1.05,0.4,"[9.06960247e-08 1.28150009e-07 1.83554473e-07 ... 1.31661232e-05
 1.59402076e-05 1.64025267e-05]"
cf252source.py,15.0,1.05,0.5,"[9.06960247e-08 1.62515633e-07 2.17920096e-07 ... 1.32100578e-05
 1.59841423e-05 1.64464613e-05]"
cf252source.py,15.0,1.05,0.6,"[9.06960247e-08 1.95147244e-07 2.50551708e-07 ... 1.32539925e-05
 1.60280769e-05 1.64903960e-05]"
cf252source.py,15.0,1.05,0.7,"[9.06960247e-08 2.26903072e-07 2.82307535e-07 ... 1.32979271e-05
 1.60720116e-05 1.65343306e-05]"
cf252source.py,15.0,1.05,0.8,"[9.06960247e-08 2.37253821e-07 2.85431890e-07 ... 1.33418618e-05
 1.61159462e-05 1.65782653e-05]"
cf252source.py,15.0,1.05,0.9,"[9.06960247e-08 2.37253821e-07 3.37705386e-07 ... 1.33857964e-05
 1.61598809e-05 1.66222000e-05]"
cf252source.py,15.0,1.05,1.0,"[9.06960247e-08 2.37253821e-07 3.81640426e-07 ... 1.34297311e-05
 1.62038155e-05 1.66661346e-05]"
cf252source.py,15.1,0.45,0.1,"[2.98841638e-08 3.78717069e-07 4.42728293e-07 ... 3.03548319e-05
 3.68276956e-05 3.79064401e-05]"
cf252source.py,15.1,0.45,0.2,"[5.97683277e-08 4.08601233e-07 4.72612457e-07 ... 3.03987665e-05
 3.68716303e-05 3.79503747e-05]"
cf252source.py,15.1,0.45,0.3,"[8.96524915e-08 4.38485397e-07 5.02496621e-07 ... 3.04427012e-05
 3.69155649e-05 3.79943094e-05]"
cf252source.py,15.1,0.45,0.4,"[9.00953888e-08 1.28248938e-07 2.57526019e-07 ... 3.04866359e-05
 3.69594996e-05 3.80382441e-05]"
cf252source.py,15.1,0.45,0.5,"[9.00953888e-08 1.62540524e-07 2.91817605e-07 ... 3.05305705e-05
 3.70034342e-05 3.80821787e-05]"
cf252source.py,15.1,0.45,0.6,"[9.00953888e-08 1.95130070e-07 3.24407151e-07 ... 3.05745052e-05
 3.70473689e-05 3.81261134e-05]"
cf252source.py,15.1,0.45,0.7,"[9.00953888e-08 2.26858241e-07 3.56135322e-07 ... 3.06184398e-05
 3.70913035e-05 3.81700480e-05]"
cf252source.py,15.1,0.45,0.8,"[9.00953888e-08 2.35682603e-07 2.86686147e-07 ... 3.06623745e-05
 3.71352382e-05 3.82139827e-05]"
cf252source.py,15.1,0.45,0.9,"[9.00953888e-08 2.35682603e-07 3.38253215e-07 ... 3.07063091e-05
 3.71791729e-05 3.82579173e-05]"
cf252source.py,15.1,0.45,1.0,"[9.00953888e-08 2.35682603e-07 3.81855820e-07 ... 3.07502438e-05
 3.72231075e-05 3.83018520e-05]"
cf252source.py,15.1,0.55,0.1,"[2.98841638e-08 3.15292905e-07 3.67665724e-07 ... 2.48437597e-05
 3.01397391e-05 3.10223482e-05]"
cf252source.py,15.1,0.55,0.2,"[5.97683277e-08 3.45177069e-07 3.97549888e-07 ... 2.48876943e-05
 3.01836737e-05 3.10662828e-05]"
cf252source.py,15.1,0.55,0.3,"[8.96524915e-08 3.75061232e-07 4.27434052e-07 ... 2.49316290e-05
 3.02276084e-05 3.11102175e-05]"
cf252source.py,15.1,0.55,0.4,"[9.00953888e-08 1.28248938e-07 2.34021095e-07 ... 2.49755636e-05
 3.02715430e-05 3.11541522e-05]"
cf252source.py,15.1,0.55,0.5,"[9.00953888e-08 1.62540524e-07 2.68312681e-07 ... 2.50194983e-05
 3.03154777e-05 3.11980868e-05]"
cf252source.py,15.1,0.55,0.6,"[9.00953888e-08 1.95130070e-07 3.00902227e-07 ... 2.50634330e-05
 3.03594123e-05 3.12420215e-05]"
cf252source.py,15.1,0.55,0.7,"[9.00953888e-08 2.26858241e-07 3.32630399e-07 ... 2.51073676e-05
 3.04033470e-05 3.12859561e-05]"
cf252source.py,15.1,0.55,0.8,"[9.00953888e-08 2.35682603e-07 2.86686147e-07 ... 2.51513023e-05
 3.04472817e-05 3.13298908e-05]"
cf252source.py,15.1,0.55,0.9,"[9.00953888e-08 2.35682603e-07 3.38253215e-07 ... 2.51952369e-05
 3.04912163e-05 3.13738254e-05]"
cf252source.py,15.1,0.55,1.0,"[9.00953888e-08 2.35682603e-07 3.81855820e-07 ... 2.52391716e-05
 3.05351510e-05 3.14177601e-05]"
cf252source.py,15.1,0.65,0.1,"[2.98841638e-08 2.71383868e-07 3.15699330e-07 ... 2.10284020e-05
 2.55096153e-05 2.62564384e-05]"
cf252source.py,15.1,0.65,0.2,"[5.97683277e-08 3.01268032e-07 3.45583494e-07 ... 2.10723366e-05
 2.55535500e-05 2.63003731e-05]"
cf252source.py,15.1,0.65,0.3,"[8.96524915e-08 3.31152195e-07 3.75467658e-07 ... 2.11162713e-05
 2.55974846e-05 2.63443077e-05]"
cf252source.py,15.1,0.65,0.4,"[9.00953888e-08 1.28248938e-07 2.17748455e-07 ... 2.11602059e-05
 2.56414193e-05 2.63882424e-05]"
cf252source.py,15.1,0.65,0.5,"[9.00953888e-08 1.62540524e-07 2.52040042e-07 ... 2.12041406e-05
 2.56853539e-05 2.64321770e-05]"
cf252source.py,15.1,0.65,0.6,"[9.00953888e-08 1.95130070e-07 2.84629588e-07 ... 2.12480753e-05
 2.57292886e-05 2.64761117e-05]"
cf252source.py,15.1,0.65,0.7,"[9.00953888e-08 2.26858241e-07 3.16357759e-07 ... 2.12920099e-05
 2.57732233e-05 2.65200464e-05]"
cf252source.py,15.1,0.65,0.8,"[9.00953888e-08 2.35682603e-07 2.86686147e-07 ... 2.13359446e-05
 2.58171579e-05 2.65639810e-05]"
cf252source.py,15.1,0.65,0.9,"[9.00953888e-08 2.35682603e-07 3.38253215e-07 ... 2.13798792e-05
 2.58610926e-05 2.66079157e-05]"
cf252source.py,15.1,0.65,1.0,"[9.00953888e-08 2.35682603e-07 3.81855820e-07 ... 2.14238139e-05
 2.59050272e-05 2.66518503e-05]"
cf252source.py,15.1,0.75,0.1,"[2.98841638e-08 2.39183907e-07 2.77590641e-07 ... 1.82304730e-05
 2.21141912e-05 2.27614379e-05]"
cf252source.py,15.1,0.75,0.2,"[5.97683277e-08 2.69068071e-07 3.07474805e-07 ... 1.82744077e-05
 2.21581259e-05 2.28053726e-05]"
cf252source.py,15.1,0.75,0.3,"[8.96524915e-08 2.98952235e-07 3.37358969e-07 ... 1.83183423e-05
 2.22020605e-05 2.28493072e-05]"
cf252source.py,15.1,0.75,0.4,"[9.00953888e-08 1.28248938e-07 2.05815186e-07 ... 1.83622770e-05
 2.22459952e-05 2.28932419e-05]"
cf252source.py,15.1,0.75,0.5,"[9.00953888e-08 1.62540524e-07 2.40106773e-07 ... 1.84062116e-05
 2.22899299e-05 2.29371765e-05]"
cf252source.py,15.1,0.75,0.6,"[9.00953888e-08 1.95130070e-07 2.72696319e-07 ... 1.84501463e-05
 2.23338645e-05 2.29811112e-05]"
cf252source.py,15.1,0.75,0.7,"[9.00953888e-08 2.26858241e-07 3.04424490e-07 ... 1.84940809e-05
 2.23777992e-05 2.30250459e-05]"
cf252source.py,15.1,0.75,0.8,"[9.00953888e-08 2.35682603e-07 2.86686147e-07 ... 1.85380156e-05
 2.24217338e-05 2.30689805e-05]"
cf252source.py,15.1,0.75,0.9,"[9.00953888e-08 2.35682603e-07 3.38253215e-07 ... 1.85819503e-05
 2.24656685e-05 2.31129152e-05]"
cf252source.py,15.1,0.75,1.0,"[9.00953888e-08 2.35682603e-07 3.81855820e-07 ... 1.86258849e-05
 2.25096031e-05 2.31568498e-05]"
cf252source.py,15.1,0.85,0.1,"[2.98841638e-08 2.14560408e-07 2.48448703e-07 ... 1.60908803e-05
 1.95176904e-05 2.00887905e-05]"
cf252source.py,15.1,0.85,0.2,"[5.97683277e-08 2.44444572e-07 2.78332867e-07 ... 1.61348149e-05
 1.95616251e-05 2.01327251e-05]"
cf252source.py,15.1,0.85,0.3,"[8.96524915e-08 2.74328736e-07 3.08217031e-07 ... 1.61787496e-05
 1.96055598e-05 2.01766598e-05]"
cf252source.py,15.1,0.85,0.4,"[9.00953888e-08 1.28248938e-07 1.96689745e-07 ... 1.62226842e-05
 1.96494944e-05 2.02205944e-05]"
cf252source.py,15.1,0.85,0.5,"[9.00953888e-08 1.62540524e-07 2.30981331e-07 ... 1.62666189e-05
 1.96934291e-05 2.02645291e-05]"
cf252source.py,15.1,0.85,0.6,"[9.00953888e-08 1.95130070e-07 2.63570878e-07 ... 1.63105535e-05
 1.97373637e-05 2.03084638e-05]"
cf252source.py,15.1,0.85,0.7,"[9.00953888e-08 2.26858241e-07 2.95299049e-07 ... 1.63544882e-05
 1.97812984e-05 2.03523984e-05]"
cf252source.py,15.1,0.85,0.8,"[9.00953888e-08 2.35682603e-07 2.86686147e-07 ... 1.63984229e-05
 1.98252330e-05 2.03963331e-05]"
cf252source.py,15.1,0.85,0.9,"[9.00953888e-08 2.35682603e-07 3.38253215e-07 ... 1.64423575e-05
 1.98691677e-05 2.04402677e-05]"
cf252source.py,15.1,0.85,1.0,"[9.00953888e-08 2.35682603e-07 3.81855820e-07 ... 1.64862922e-05
 1.99131024e-05 2.04842024e-05]"
cf252source.py,15.1,0.95,0.1,"[2.98841638e-08 1.95120803e-07 2.25441909e-07 ... 1.44017281e-05
 1.74678214e-05 1.79788056e-05]"
cf252source.py,15.1,0.95,0.2,"[5.97683277e-08 2.25004967e-07 2.55326073e-07 ... 1.44456627e-05
 1.75117561e-05 1.80227403e-05]"
cf252source.py,15.1,0.95,0.3,"[8.96524915e-08 2.54889131e-07 2.85210237e-07 ... 1.44895974e-05
 1.75556907e-05 1.80666750e-05]"
cf252source.py,15.1,0.95,0.4,"[9.00953888e-08 1.28248938e-07 1.89485450e-07 ... 1.45335321e-05
 1.75996254e-05 1.81106096e-05]"
cf252source.py,15.1,0.95,0.5,"[9.00953888e-08 1.62540524e-07 2.23777036e-07 ... 1.45774667e-05
 1.76435600e-05 1.81545443e-05]"
cf252source.py,15.1,0.95,0.6,"[9.00953888e-08 1.95130070e-07 2.56366582e-07 ... 1.46214014e-05
 1.76874947e-05 1.81984789e-05]"
cf252source.py,15.1,0.95,0.7,"[9.00953888e-08 2.26858241e-07 2.88094753e-07 ... 1.46653360e-05
 1.77314294e-05 1.82424136e-05]"
cf252source.py,15.1,0.95,0.8,"[9.00953888e-08 2.35682603e-07 2.86686147e-07 ... 1.47092707e-05
 1.77753640e-05 1.82863482e-05]"
cf252source.py,15.1,0.95,0.9,"[9.00953888e-08 2.35682603e-07 3.38253215e-07 ... 1.47532053e-05
 1.78192987e-05 1.83302829e-05]"
cf252source.py,15.1,0.95,1.0,"[9.00953888e-08 2.35682603e-07 3.81855820e-07 ... 1.47971400e-05
 1.78632333e-05 1.83742176e-05]"
cf252source.py,15.1,1.05,0.1,"[2.98841638e-08 1.79383980e-07 2.06817362e-07 ... 1.30343192e-05
 1.58084036e-05 1.62707227e-05]"
cf252source.py,15.1,1.05,0.2,"[5.97683277e-08 2.09268144e-07 2.36701526e-07 ... 1.30782538e-05
 1.58523383e-05 1.63146574e-05]"
cf252source.py,15.1,1.05,0.3,"[8.96524915e-08 2.39152308e-07 2.66585690e-07 ... 1.31221885e-05
 1.58962729e-05 1.63585920e-05]"
cf252source.py,15.1,1.05,0.4,"[9.00953888e-08 1.28248938e-07 1.83653401e-07 ... 1.31661232e-05
 1.59402076e-05 1.64025267e-05]"
cf252source.py,15.1,1.05,0.5,"[9.00953888e-08 1.62540524e-07 2.17944987e-07 ... 1.32100578e-05
 1.59841423e-05 1.64464613e-05]"
cf252source.py,15.1,1.05,0.6,"[9.00953888e-08 1.95130070e-07 2.50534533e-07 ... 1.32539925e-05
 1.60280769e-05 1.64903960e-05]"
cf252source.py,15.1,1.05,0.7,"[9.00953888e-08 2.26858241e-07 2.82262705e-07 ... 1.32979271e-05
 1.60720116e-05 1.65343306e-05]"
cf252source.py,15.1,1.05,0.8,"[9.00953888e-08 2.35682603e-07 2.86686147e-07 ... 1.33418618e-05
 1.61159462e-05 1.65782653e-05]"
cf252source.py,15.1,1.05,0.9,"[9.00953888e-08 2.35682603e-07 3.38253215e-07 ... 1.33857964e-05
 1.61598809e-05 1.66222000e-05]"
cf252source.py,15.1,1.05,1.0,"[9.00953888e-08 2.35682603e-07 3.81855820e-07 ... 1.34297311e-05
 1.62038155e-05 1.66661346e-05]"
cf252source.py,15.2,0.45,0.1,"[2.98841638e-08 3.78717069e-07 4.42728293e-07 ... 3.03548319e-05
 3.68276956e-05 3.79064401e-05]"
cf252source.py,15.2,0.45,0.2,"[5.97683277e-08 4.08601233e-07 4.72612457e-07 ... 3.03987665e-05
 3.68716303e-05 3.79503747e-05]"
cf252source.py,15.2,0.45,0.3,"[8.95026560e-08 8.97210394e-08 2.18998121e-07 ... 3.04427012e-05
 3.69155649e-05 3.79943094e-05]"
cf252source.py,15.2,0.45,0.4,"[8.95026560e-08 1.28343873e-07 2.57620954e-07 ... 3.04866359e-05
 3.69594996e-05 3.80382441e-05]"
cf252source.py,15.2,0.45,0.5,"[8.95026560e-08 1.62563354e-07 2.91840435e-07 ... 3.05305705e-05
 3.70034342e-05 3.80821787e-05]"
cf252source.py,15.2,0.45,0.6,"[8.95026560e-08 1.95111823e-07 3.24388904e-07 ... 3.05745052e-05
 3.70473689e-05 3.81261134e-05]"
cf252source.py,15.2,0.45,0.7,"[8.95026560e-08 2.26812952e-07 3.56090033e-07 ... 3.06184398e-05
 3.70913035e-05 3.81700480e-05]"
cf252source.py,15.2,0.45,0.8,"[8.95026560e-08 2.34132060e-07 2.87865424e-07 ... 3.06623745e-05
 3.71352382e-05 3.82139827e-05]"
cf252source.py,15.2,0.45,0.9,"[8.95026560e-08 2.34132060e-07 3.38768129e-07 ... 3.07063091e-05
 3.71791729e-05 3.82579173e-05]"
cf252source.py,15.2,0.45,1.0,"[8.95026560e-08 2.34132060e-07 3.82052176e-07 ... 3.07502438e-05
 3.72231075e-05 3.83018520e-05]"
cf252source.py,15.2,0.55,0.1,"[2.98841638e-08 3.15292905e-07 3.67665724e-07 ... 2.48437597e-05
 3.01397391e-05 3.10223482e-05]"
cf252source.py,15.2,0.55,0.2,"[5.97683277e-08 3.45177069e-07 3.97549888e-07 ... 2.48876943e-05
 3.01836737e-05 3.10662828e-05]"
cf252source.py,15.2,0.55,0.3,"[8.95026560e-08 8.97210394e-08 1.95493197e-07 ... 2.49316290e-05
 3.02276084e-05 3.11102175e-05]"
cf252source.py,15.2,0.55,0.4,"[8.95026560e-08 1.28343873e-07 2.34116030e-07 ... 2.49755636e-05
 3.02715430e-05 3.11541522e-05]"
cf252source.py,15.2,0.55,0.5,"[8.95026560e-08 1.62563354e-07 2.68335511e-07 ... 2.50194983e-05
 3.03154777e-05 3.11980868e-05]"
cf252source.py,15.2,0.55,0.6,"[8.95026560e-08 1.95111823e-07 3.00883980e-07 ... 2.50634330e-05
 3.03594123e-05 3.12420215e-05]"
cf252source.py,15.2,0.55,0.7,"[8.95026560e-08 2.26812952e-07 3.32585109e-07 ... 2.51073676e-05
 3.04033470e-05 3.12859561e-05]"
cf252source.py,15.2,0.55,0.8,"[8.95026560e-08 2.34132060e-07 2.87865424e-07 ... 2.51513023e-05
 3.04472817e-05 3.13298908e-05]"
cf252source.py,15.2,0.55,0.9,"[8.95026560e-08 2.34132060e-07 3.38768129e-07 ... 2.51952369e-05
 3.04912163e-05 3.13738254e-05]"
cf252source.py,15.2,0.55,1.0,"[8.95026560e-08 2.34132060e-07 3.82052176e-07 ... 2.52391716e-05
 3.05351510e-05 3.14177601e-05]"
cf252source.py,15.2,0.65,0.1,"[2.98841638e-08 2.71383868e-07 3.15699330e-07 ... 2.10284020e-05
 2.55096153e-05 2.62564384e-05]"
cf252source.py,15.2,0.65,0.2,"[5.97683277e-08 3.01268032e-07 3.45583494e-07 ... 2.10723366e-05
 2.55535500e-05 2.63003731e-05]"
cf252source.py,15.2,0.65,0.3,"[8.95026560e-08 8.97210394e-08 1.79220557e-07 ... 2.11162713e-05
 2.55974846e-05 2.63443077e-05]"
cf252source.py,15.2,0.65,0.4,"[8.95026560e-08 1.28343873e-07 2.17843391e-07 ... 2.11602059e-05
 2.56414193e-05 2.63882424e-05]"
cf252source.py,15.2,0.65,0.5,"[8.95026560e-08 1.62563354e-07 2.52062872e-07 ... 2.12041406e-05
 2.56853539e-05 2.64321770e-05]"
cf252source.py,15.2,0.65,0.6,"[8.95026560e-08 1.95111823e-07 2.84611340e-07 ... 2.12480753e-05
 2.57292886e-05 2.64761117e-05]"
cf252source.py,15.2,0.65,0.7,"[8.95026560e-08 2.26812952e-07 3.16312470e-07 ... 2.12920099e-05
 2.57732233e-05 2.65200464e-05]"
cf252source.py,15.2,0.65,0.8,"[8.95026560e-08 2.34132060e-07 2.87865424e-07 ... 2.13359446e-05
 2.58171579e-05 2.65639810e-05]"
cf252source.py,15.2,0.65,0.9,"[8.95026560e-08 2.34132060e-07 3.38768129e-07 ... 2.13798792e-05
 2.58610926e-05 2.66079157e-05]"
cf252source.py,15.2,0.65,1.0,"[8.95026560e-08 2.34132060e-07 3.82052176e-07 ... 2.14238139e-05
 2.59050272e-05 2.66518503e-05]"
cf252source.py,15.2,0.75,0.1,"[2.98841638e-08 2.39183907e-07 2.77590641e-07 ... 1.82304730e-05
 2.21141912e-05 2.27614379e-05]"
cf252source.py,15.2,0.75,0.2,"[5.97683277e-08 2.69068071e-07 3.07474805e-07 ... 1.82744077e-05
 2.21581259e-05 2.28053726e-05]"
cf252source.py,15.2,0.75,0.3,"[8.95026560e-08 8.97210394e-08 1.67287288e-07 ... 1.83183423e-05
 2.22020605e-05 2.28493072e-05]"
cf252source.py,15.2,0.75,0.4,"[8.95026560e-08 1.28343873e-07 2.05910122e-07 ... 1.83622770e-05
 2.22459952e-05 2.28932419e-05]"
cf252source.py,15.2,0.75,0.5,"[8.95026560e-08 1.62563354e-07 2.40129603e-07 ... 1.84062116e-05
 2.22899299e-05 2.29371765e-05]"
cf252source.py,15.2,0.75,0.6,"[8.95026560e-08 1.95111823e-07 2.72678071e-07 ... 1.84501463e-05
 2.23338645e-05 2.29811112e-05]"
cf252source.py,15.2,0.75,0.7,"[8.95026560e-08 2.26812952e-07 3.04379201e-07 ... 1.84940809e-05
 2.23777992e-05 2.30250459e-05]"
cf252source.py,15.2,0.75,0.8,"[8.95026560e-08 2.34132060e-07 2.87865424e-07 ... 1.85380156e-05
 2.24217338e-05 2.30689805e-05]"
cf252source.py,15.2,0.75,0.9,"[8.95026560e-08 2.34132060e-07 3.38768129e-07 ... 1.85819503e-05
 2.24656685e-05 2.31129152e-05]"
cf252source.py,15.2,0.75,1.0,"[8.95026560e-08 2.34132060e-07 3.82052176e-07 ... 1.86258849e-05
 2.25096031e-05 2.31568498e-05]"
cf252source.py,15.2,0.85,0.1,"[2.98841638e-08 2.14560408e-07 2.48448703e-07 ... 1.60908803e-05
 1.95176904e-05 2.00887905e-05]"
cf252source.py,15.2,0.85,0.2,"[5.97683277e-08 2.44444572e-07 2.78332867e-07 ... 1.61348149e-05
 1.95616251e-05 2.01327251e-05]"
cf252source.py,15.2,0.85,0.3,"[8.95026560e-08 8.97210394e-08 1.58161847e-07 ... 1.61787496e-05
 1.96055598e-05 2.01766598e-05]"
cf252source.py,15.2,0.85,0.4,"[8.95026560e-08 1.28343873e-07 1.96784680e-07 ... 1.62226842e-05
 1.96494944e-05 2.02205944e-05]"
cf252source.py,15.2,0.85,0.5,"[8.95026560e-08 1.62563354e-07 2.31004162e-07 ... 1.62666189e-05
 1.96934291e-05 2.02645291e-05]"
cf252source.py,15.2,0.85,0.6,"[8.95026560e-08 1.95111823e-07 2.63552630e-07 ... 1.63105535e-05
 1.97373637e-05 2.03084638e-05]"
cf252source.py,15.2,0.85,0.7,"[8.95026560e-08 2.26812952e-07 2.95253760e-07 ... 1.63544882e-05
 1.97812984e-05 2.03523984e-05]"
cf252source.py,15.2,0.85,0.8,"[8.95026560e-08 2.34132060e-07 2.87865424e-07 ... 1.63984229e-05
 1.98252330e-05 2.03963331e-05]"
cf252source.py,15.2,0.85,0.9,"[8.95026560e-08 2.34132060e-07 3.38768129e-07 ... 1.64423575e-05
 1.98691677e-05 2.04402677e-05]"
cf252source.py,15.2,0.85,1.0,"[8.95026560e-08 2.34132060e-07 3.82052176e-07 ... 1.64862922e-05
 1.99131024e-05 2.04842024e-05]"
cf252source.py,15.2,0.95,0.1,"[2.98841638e-08 1.95120803e-07 2.25441909e-07 ... 1.44017281e-05
 1.74678214e-05 1.79788056e-05]"
cf252source.py,15.2,0.95,0.2,"[5.97683277e-08 2.25004967e-07 2.55326073e-07 ... 1.44456627e-05
 1.75117561e-05 1.80227403e-05]"
cf252source.py,15.2,0.95,0.3,"[8.95026560e-08 8.97210394e-08 1.50957552e-07 ... 1.44895974e-05
 1.75556907e-05 1.80666750e-05]"
cf252source.py,15.2,0.95,0.4,"[8.95026560e-08 1.28343873e-07 1.89580385e-07 ... 1.45335321e-05
 1.75996254e-05 1.81106096e-05]"
cf252source.py,15.2,0.95,0.5,"[8.95026560e-08 1.62563354e-07 2.23799866e-07 ... 1.45774667e-05
 1.76435600e-05 1.81545443e-05]"
cf252source.py,15.2,0.95,0.6,"[8.95026560e-08 1.95111823e-07 2.56348335e-07 ... 1.46214014e-05
 1.76874947e-05 1.81984789e-05]"
cf252source.py,15.2,0.95,0.7,"[8.95026560e-08 2.26812952e-07 2.88049464e-07 ... 1.46653360e-05
 1.77314294e-05 1.82424136e-05]"
cf252source.py,15.2,0.95,0.8,"[8.95026560e-08 2.34132060e-07 2.87865424e-07 ... 1.47092707e-05
 1.77753640e-05 1.82863482e-05]"
cf252source.py,15.2,0.95,0.9,"[8.95026560e-08 2.34132060e-07 3.38768129e-07 ... 1.47532053e-05
 1.78192987e-05 1.83302829e-05]"
cf252source.py,15.2,0.95,1.0,"[8.95026560e-08 2.34132060e-07 3.82052176e-07 ... 1.47971400e-05
 1.78632333e-05 1.83742176e-05]"
cf252source.py,15.2,1.05,0.1,"[2.98841638e-08 1.79383980e-07 2.06817362e-07 ... 1.30343192e-05
 1.58084036e-05 1.62707227e-05]"
cf252source.py,15.2,1.05,0.2,"[5.97683277e-08 2.09268144e-07 2.36701526e-07 ... 1.30782538e-05
 1.58523383e-05 1.63146574e-05]"
cf252source.py,15.2,1.05,0.3,"[8.95026560e-08 8.97210394e-08 1.45125503e-07 ... 1.31221885e-05
 1.58962729e-05 1.63585920e-05]"
cf252source.py,15.2,1.05,0.4,"[8.95026560e-08 1.28343873e-07 1.83748336e-07 ... 1.31661232e-05
 1.59402076e-05 1.64025267e-05]"
cf252source.py,15.2,1.05,0.5,"[8.95026560e-08 1.62563354e-07 2.17967817e-07 ... 1.32100578e-05
 1.59841423e-05 1.64464613e-05]"
cf252source.py,15.2,1.05,0.6,"[8.95026560e-08 1.95111823e-07 2.50516286e-07 ... 1.32539925e-05
 1.60280769e-05 1.64903960e-05]"
cf252source.py,15.2,1.05,0.7,"[8.95026560e-08 2.26812952e-07 2.82217415e-07 ... 1.32979271e-05
 1.60720116e-05 1.65343306e-05]"
cf252source.py,15.2,1.05,0.8,"[8.95026560e-08 2.34132060e-07 2.87865424e-07 ... 1.33418618e-05
 1.61159462e-05 1.65782653e-05]"
cf252source.py,15.2,1.05,0.9,"[8.95026560e-08 2.34132060e-07 3.38768129e-07 ... 1.33857964e-05
 1.61598809e-05 1.66222000e-05]"
cf252source.py,15.2,1.05,1.0,"[8.95026560e-08 2.34132060e-07 3.82052176e-07 ... 1.34297311e-05
 1.62038155e-05 1.66661346e-05]"
cf252sourceair.py,14.6,0.001,0.1,"[2.98841638e-08 4.00799014e-06 3.90204400e-08 ... 3.84677255e-05
 4.39346572e-08 5.47731697e-06]"
cf252sourceair.py,14.6,0.001,0.2,"[5.97683277e-08 4.00799014e-06 7.80408799e-08 ... 4.06929754e-07
 8.78693143e-08 5.47731697e-06]"
cf252sourceair.py,14.6,0.001,0.3,"[8.96524915e-08 4.00799014e-06 1.17061320e-07 ... 4.06929754e-07
 1.31803971e-07 5.47731697e-06]"
cf252sourceair.py,14.6,0.001,0.4,"[9.31808473e-08 1.27711043e-07 3.09606252e-06 ... 4.06929754e-07
 1.75738629e-07 5.47731697e-06]"
cf252sourceair.py,14.6,0.001,0.5,"[9.31808473e-08 1.62393688e-07 3.09606252e-06 ... 4.06929754e-07
 2.19673286e-07 5.47731697e-06]"
cf252sourceair.py,14.6,0.001,0.6,"[9.31808473e-08 1.95204122e-07 3.09606252e-06 ... 4.06929754e-07
 2.63607943e-07 5.47731697e-06]"
cf252sourceair.py,14.6,0.001,0.7,"[9.31808473e-08 2.27077124e-07 3.09606252e-06 ... 4.06929754e-07
 3.07542600e-07 5.47731697e-06]"
cf252sourceair.py,14.6,0.001,0.8,"[9.31808473e-08 2.43753925e-07 2.79524073e-07 ... 4.06929754e-07
 3.51477257e-07 5.47731697e-06]"
cf252sourceair.py,14.6,0.001,0.9,"[9.31808473e-08 2.43753925e-07 3.35143164e-07 ... 4.06929754e-07
 3.95411914e-07 5.47731697e-06]"
cf252sourceair.py,14.6,0.001,1.0,"[9.31808473e-08 2.43753925e-07 3.80566922e-07 ... 4.06929754e-07
 4.39346572e-07 5.47731697e-06]"
cf252sourceair.py,14.6,0.101,0.1,"[2.98841638e-08 4.00799014e-06 3.90204400e-08 ... 3.84677255e-05
 4.39346572e-08 5.47731697e-06]"
cf252sourceair.py,14.6,0.101,0.2,"[5.97683277e-08 4.00799014e-06 7.80408799e-08 ... 4.07746560e-07
 8.78693143e-08 5.47731697e-06]"
cf252sourceair.py,14.6,0.101,0.3,"[8.96524915e-08 4.00799014e-06 1.17061320e-07 ... 4.07735899e-07
 1.31803971e-07 5.47731697e-06]"
cf252sourceair.py,14.6,0.101,0.4,"[9.31808473e-08 1.27711043e-07 3.09606252e-06 ... 4.07725771e-07
 1.75738629e-07 5.47731697e-06]"
cf252sourceair.py,14.6,0.101,0.5,"[9.31808473e-08 1.62393688e-07 3.09606252e-06 ... 4.07715834e-07
 2.19673286e-07 5.47731697e-06]"
cf252sourceair.py,14.6,0.101,0.6,"[9.31808473e-08 1.95204122e-07 3.09606252e-06 ... 4.07705987e-07
 2.63607943e-07 5.47731697e-06]"
cf252sourceair.py,14.6,0.101,0.7,"[9.31808473e-08 2.27077124e-07 3.09606252e-06 ... 4.07696191e-07
 3.07542600e-07 5.47731697e-06]"
cf252sourceair.py,14.6,0.101,0.8,"[9.31808473e-08 2.43753925e-07 2.79524073e-07 ... 4.07686427e-07
 3.51477257e-07 5.47731697e-06]"
cf252sourceair.py,14.6,0.101,0.9,"[9.31808473e-08 2.43753925e-07 3.35143164e-07 ... 4.07676683e-07
 3.95411914e-07 5.47731697e-06]"
cf252sourceair.py,14.6,0.101,1.0,"[9.31808473e-08 2.43753925e-07 3.80566922e-07 ... 4.07666953e-07
 4.39346572e-07 5.47731697e-06]"
cf252sourceair.py,14.7,0.001,0.1,"[2.98841638e-08 4.00799014e-06 3.90204400e-08 ... 3.84677255e-05
 4.39346572e-08 5.47731697e-06]"
cf252sourceair.py,14.7,0.001,0.2,"[5.97683277e-08 4.00799014e-06 7.80408799e-08 ... 4.04222281e-07
 8.78693143e-08 5.47731697e-06]"
cf252sourceair.py,14.7,0.001,0.3,"[8.96524915e-08 4.00799014e-06 1.17061320e-07 ... 4.04222281e-07
 1.31803971e-07 5.47731697e-06]"
cf252sourceair.py,14.7,0.001,0.4,"[9.25469640e-08 1.27827625e-07 3.09591486e-06 ... 4.04222281e-07
 1.75738629e-07 5.47731697e-06]"
cf252sourceair.py,14.7,0.001,0.5,"[9.25469640e-08 1.62427720e-07 3.09591486e-06 ... 4.04222281e-07
 2.19673286e-07 5.47731697e-06]"
cf252sourceair.py,14.7,0.001,0.6,"[9.25469640e-08 1.95191791e-07 3.09591486e-06 ... 4.04222281e-07
 2.63607943e-07 5.47731697e-06]"
cf252sourceair.py,14.7,0.001,0.7,"[9.25469640e-08 2.27034475e-07 3.09591486e-06 ... 4.04222281e-07
 3.07542600e-07 5.47731697e-06]"
cf252sourceair.py,14.7,0.001,0.8,"[9.25469640e-08 2.42095735e-07 2.81151176e-07 ... 4.04222281e-07
 3.51477257e-07 5.47731697e-06]"
cf252sourceair.py,14.7,0.001,0.9,"[9.25469640e-08 2.42095735e-07 3.35843955e-07 ... 4.04222281e-07
 3.95411914e-07 5.47731697e-06]"
cf252sourceair.py,14.7,0.001,1.0,"[9.25469640e-08 2.42095735e-07 3.80869417e-07 ... 4.04222281e-07
 4.39346572e-07 5.47731697e-06]"
cf252sourceair.py,14.7,0.101,0.1,"[2.98841638e-08 4.00799014e-06 3.90204400e-08 ... 3.84677255e-05
 4.39346572e-08 5.47731697e-06]"
cf252sourceair.py,14.7,0.101,0.2,"[5.97683277e-08 4.00799014e-06 7.80408799e-08 ... 4.05039051e-07
 8.78693143e-08 5.47731697e-06]"
cf252sourceair.py,14.7,0.101,0.3,"[8.96524915e-08 4.00799014e-06 1.17061320e-07 ... 4.05028405e-07
 1.31803971e-07 5.47731697e-06]"
cf252sourceair.py,14.7,0.101,0.4,"[9.25469640e-08 1.27827625e-07 3.09591486e-06 ... 4.05018284e-07
 1.75738629e-07 5.47731697e-06]"
cf252sourceair.py,14.7,0.101,0.5,"[9.25469640e-08 1.62427720e-07 3.09591486e-06 ... 4.05008351e-07
 2.19673286e-07 5.47731697e-06]"
cf252sourceair.py,14.7,0.101,0.6,"[9.25469640e-08 1.95191791e-07 3.09591486e-06 ... 4.04998506e-07
 2.63607943e-07 5.47731697e-06]"
cf252sourceair.py,14.7,0.101,0.7,"[9.25469640e-08 2.27034475e-07 3.09591486e-06 ... 4.04988712e-07
 3.07542600e-07 5.47731697e-06]"
cf252sourceair.py,14.7,0.101,0.8,"[9.25469640e-08 2.42095735e-07 2.81151176e-07 ... 4.04978949e-07
 3.51477257e-07 5.47731697e-06]"
cf252sourceair.py,14.7,0.101,0.9,"[9.25469640e-08 2.42095735e-07 3.35843955e-07 ... 4.04969206e-07
 3.95411914e-07 5.47731697e-06]"
cf252sourceair.py,14.7,0.101,1.0,"[9.25469640e-08 2.42095735e-07 3.80869417e-07 ... 4.04959477e-07
 4.39346572e-07 5.47731697e-06]"
cf252sourceair.py,14.8,0.001,0.1,"[2.98841638e-08 4.00799014e-06 3.90204400e-08 ... 3.84677255e-05
 4.39346572e-08 5.47731697e-06]"
cf252sourceair.py,14.8,0.001,0.2,"[5.97683277e-08 4.00799014e-06 7.80408799e-08 ... 4.01551395e-07
 8.78693143e-08 5.47731697e-06]"
cf252sourceair.py,14.8,0.001,0.3,"[8.96524915e-08 4.00799014e-06 1.17061320e-07 ... 4.01551395e-07
 1.31803971e-07 5.47731697e-06]"
cf252sourceair.py,14.8,0.001,0.4,"[9.19216467e-08 1.27939525e-07 3.09576919e-06 ... 4.01551395e-07
 1.75738629e-07 5.47731697e-06]"
cf252sourceair.py,14.8,0.001,0.5,"[9.19216467e-08 1.62459323e-07 3.09576919e-06 ... 4.01551395e-07
 2.19673286e-07 5.47731697e-06]"
cf252sourceair.py,14.8,0.001,0.6,"[9.19216467e-08 1.95178161e-07 3.09576919e-06 ... 4.01551395e-07
 2.63607943e-07 5.47731697e-06]"
cf252sourceair.py,14.8,0.001,0.7,"[9.19216467e-08 2.26991224e-07 3.09576919e-06 ... 4.01551395e-07
 3.07542600e-07 5.47731697e-06]"
cf252sourceair.py,14.8,0.001,0.8,"[9.19216467e-08 2.40459953e-07 2.82672110e-07 ... 4.01551395e-07
 3.51477257e-07 5.47731697e-06]"
cf252sourceair.py,14.8,0.001,0.9,"[9.19216467e-08 2.40459953e-07 3.36502964e-07 ... 4.01551395e-07
 3.95411914e-07 5.47731697e-06]"
cf252sourceair.py,14.8,0.001,1.0,"[9.19216467e-08 2.40459953e-07 3.81148352e-07 ... 4.01551395e-07
 4.39346572e-07 5.47731697e-06]"
cf252sourceair.py,14.8,0.101,0.1,"[2.98841638e-08 4.00799014e-06 3.90204400e-08 ... 3.84677255e-05
 4.39346572e-08 5.47731697e-06]"
cf252sourceair.py,14.8,0.101,0.2,"[5.97683277e-08 4.00799014e-06 7.80408799e-08 ... 4.02368130e-07
 8.78693143e-08 5.47731697e-06]"
cf252sourceair.py,14.8,0.101,0.3,"[8.96524915e-08 4.00799014e-06 1.17061320e-07 ... 4.02357500e-07
 1.31803971e-07 5.47731697e-06]"
cf252sourceair.py,14.8,0.101,0.4,"[9.19216467e-08 1.27939525e-07 3.09576919e-06 ... 4.02347385e-07
 1.75738629e-07 5.47731697e-06]"
cf252sourceair.py,14.8,0.101,0.5,"[9.19216467e-08 1.62459323e-07 3.09576919e-06 ... 4.02337455e-07
 2.19673286e-07 5.47731697e-06]"
cf252sourceair.py,14.8,0.101,0.6,"[9.19216467e-08 1.95178161e-07 3.09576919e-06 ... 4.02327613e-07
 2.63607943e-07 5.47731697e-06]"
cf252sourceair.py,14.8,0.101,0.7,"[9.19216467e-08 2.26991224e-07 3.09576919e-06 ... 4.02317821e-07
 3.07542600e-07 5.47731697e-06]"
cf252sourceair.py,14.8,0.101,0.8,"[9.19216467e-08 2.40459953e-07 2.82672110e-07 ... 4.02308059e-07
 3.51477257e-07 5.47731697e-06]"
cf252sourceair.py,14.8,0.101,0.9,"[9.19216467e-08 2.40459953e-07 3.36502964e-07 ... 4.02298317e-07
 3.95411914e-07 5.47731697e-06]"
cf252sourceair.py,14.8,0.101,1.0,"[9.19216467e-08 2.40459953e-07 3.81148352e-07 ... 4.02288589e-07
 4.39346572e-07 5.47731697e-06]"
cf252sourceair.py,14.9,0.001,0.1,"[2.98841638e-08 4.00799014e-06 3.90204400e-08 ... 3.84677255e-05
 4.39346572e-08 5.47731697e-06]"
cf252sourceair.py,14.9,0.001,0.2,"[5.97683277e-08 4.00799014e-06 7.80408799e-08 ... 3.98916361e-07
 8.78693143e-08 5.47731697e-06]"
cf252sourceair.py,14.9,0.001,0.3,"[8.96524915e-08 4.00799014e-06 1.17061320e-07 ... 3.98916361e-07
 1.31803971e-07 5.47731697e-06]"
cf252sourceair.py,14.9,0.001,0.4,"[9.13047229e-08 1.28046928e-07 3.09562549e-06 ... 3.98916361e-07
 1.75738629e-07 5.47731697e-06]"
cf252sourceair.py,14.9,0.001,0.5,"[9.13047229e-08 1.62488596e-07 3.09562549e-06 ... 3.98916361e-07
 2.19673286e-07 5.47731697e-06]"
cf252sourceair.py,14.9,0.001,0.6,"[9.13047229e-08 1.95163293e-07 3.09562549e-06 ... 3.98916361e-07
 2.63607943e-07 5.47731697e-06]"
cf252sourceair.py,14.9,0.001,0.7,"[9.13047229e-08 2.26947411e-07 3.09562549e-06 ... 3.98916361e-07
 3.07542600e-07 5.47731697e-06]"
cf252sourceair.py,14.9,0.001,0.8,"[9.13047229e-08 2.38846128e-07 2.84096280e-07 ... 3.98916361e-07
 3.51477257e-07 5.47731697e-06]"
cf252sourceair.py,14.9,0.001,0.9,"[9.13047229e-08 2.38846128e-07 3.37122676e-07 ... 3.98916361e-07
 3.95411914e-07 5.47731697e-06]"
cf252sourceair.py,14.9,0.001,1.0,"[9.13047229e-08 2.38846128e-07 3.81404967e-07 ... 3.98916361e-07
 4.39346572e-07 5.47731697e-06]"
cf252sourceair.py,14.9,0.101,0.1,"[2.98841638e-08 4.00799014e-06 3.90204400e-08 ... 3.84677255e-05
 4.39346572e-08 5.47731697e-06]"
cf252sourceair.py,14.9,0.101,0.2,"[5.97683277e-08 4.00799014e-06 7.80408799e-08 ... 3.99733061e-07
 8.78693143e-08 5.47731697e-06]"
cf252sourceair.py,14.9,0.101,0.3,"[8.96524915e-08 4.00799014e-06 1.17061320e-07 ... 3.99722445e-07
 1.31803971e-07 5.47731697e-06]"
cf252sourceair.py,14.9,0.101,0.4,"[9.13047229e-08 1.28046928e-07 3.09562549e-06 ... 3.99712337e-07
 1.75738629e-07 5.47731697e-06]"
cf252sourceair.py,14.9,0.101,0.5,"[9.13047229e-08 1.62488596e-07 3.09562549e-06 ... 3.99702411e-07
 2.19673286e-07 5.47731697e-06]"
cf252sourceair.py,14.9,0.101,0.6,"[9.13047229e-08 1.95163293e-07 3.09562549e-06 ... 3.99692571e-07
 2.63607943e-07 5.47731697e-06]"
cf252sourceair.py,14.9,0.101,0.7,"[9.13047229e-08 2.26947411e-07 3.09562549e-06 ... 3.99682780e-07
 3.07542600e-07 5.47731697e-06]"
cf252sourceair.py,14.9,0.101,0.8,"[9.13047229e-08 2.38846128e-07 2.84096280e-07 ... 3.99673019e-07
 3.51477257e-07 5.47731697e-06]"
cf252sourceair.py,14.9,0.101,0.9,"[9.13047229e-08 2.38846128e-07 3.37122676e-07 ... 3.99663278e-07
 3.95411914e-07 5.47731697e-06]"
cf252sourceair.py,14.9,0.101,1.0,"[9.13047229e-08 2.38846128e-07 3.81404967e-07 ... 3.99653551e-07
 4.39346572e-07 5.47731697e-06]"
cf252sourceair.py,15.0,0.001,0.1,"[2.98841638e-08 4.00799014e-06 3.90204400e-08 ... 3.84677255e-05
 4.39346572e-08 5.47731697e-06]"
cf252sourceair.py,15.0,0.001,0.2,"[5.97683277e-08 4.00799014e-06 7.80408799e-08 ... 3.96316460e-07
 8.78693143e-08 5.47731697e-06]"
cf252sourceair.py,15.0,0.001,0.3,"[8.96524915e-08 4.00799014e-06 1.17061320e-07 ... 3.96316460e-07
 1.31803971e-07 5.47731697e-06]"
cf252sourceair.py,15.0,0.001,0.4,"[9.06960247e-08 1.28150009e-07 3.09548369e-06 ... 3.96316460e-07
 1.75738629e-07 5.47731697e-06]"
cf252sourceair.py,15.0,0.001,0.5,"[9.06960247e-08 1.62515633e-07 3.09548369e-06 ... 3.96316460e-07
 2.19673286e-07 5.47731697e-06]"
cf252sourceair.py,15.0,0.001,0.6,"[9.06960247e-08 1.95147244e-07 3.09548369e-06 ... 3.96316460e-07
 2.63607943e-07 5.47731697e-06]"
cf252sourceair.py,15.0,0.001,0.7,"[9.06960247e-08 2.26903072e-07 3.09548369e-06 ... 3.96316460e-07
 3.07542600e-07 5.47731697e-06]"
cf252sourceair.py,15.0,0.001,0.8,"[9.06960247e-08 2.37253821e-07 2.85431890e-07 ... 3.96316460e-07
 3.51477257e-07 5.47731697e-06]"
cf252sourceair.py,15.0,0.001,0.9,"[9.06960247e-08 2.37253821e-07 3.37705386e-07 ... 3.96316460e-07
 3.95411914e-07 5.47731697e-06]"
cf252sourceair.py,15.0,0.001,1.0,"[9.06960247e-08 2.37253821e-07 3.81640426e-07 ... 3.96316460e-07
 4.39346572e-07 5.47731697e-06]"
cf252sourceair.py,15.0,0.101,0.1,"[2.98841638e-08 4.00799014e-06 3.90204400e-08 ... 3.84677255e-05
 4.39346572e-08 5.47731697e-06]"
cf252sourceair.py,15.0,0.101,0.2,"[5.97683277e-08 4.00799014e-06 7.80408799e-08 ... 3.97133126e-07
 8.78693143e-08 5.47731697e-06]"
cf252sourceair.py,15.0,0.101,0.3,"[8.96524915e-08 4.00799014e-06 1.17061320e-07 ... 3.97122525e-07
 1.31803971e-07 5.47731697e-06]"
cf252sourceair.py,15.0,0.101,0.4,"[9.06960247e-08 1.28150009e-07 3.09548369e-06 ... 3.97112424e-07
 1.75738629e-07 5.47731697e-06]"
cf252sourceair.py,15.0,0.101,0.5,"[9.06960247e-08 1.62515633e-07 3.09548369e-06 ... 3.97102501e-07
 2.19673286e-07 5.47731697e-06]"
cf252sourceair.py,15.0,0.101,0.6,"[9.06960247e-08 1.95147244e-07 3.09548369e-06 ... 3.97092663e-07
 2.63607943e-07 5.47731697e-06]"
cf252sourceair.py,15.0,0.101,0.7,"[9.06960247e-08 2.26903072e-07 3.09548369e-06 ... 3.97082874e-07
 3.07542600e-07 5.47731697e-06]"
cf252sourceair.py,15.0,0.101,0.8,"[9.06960247e-08 2.37253821e-07 2.85431890e-07 ... 3.97073114e-07
 3.51477257e-07 5.47731697e-06]"
cf252sourceair.py,15.0,0.101,0.9,"[9.06960247e-08 2.37253821e-07 3.37705386e-07 ... 3.97063374e-07
 3.95411914e-07 5.47731697e-06]"
cf252sourceair.py,15.0,0.101,1.0,"[9.06960247e-08 2.37253821e-07 3.81640426e-07 ... 3.97053648e-07
 4.39346572e-07 5.47731697e-06]"
cf252sourceair.py,15.1,0.001,0.1,"[2.98841638e-08 4.00799014e-06 3.90204400e-08 ... 3.84677255e-05
 4.39346572e-08 5.47731697e-06]"
cf252sourceair.py,15.1,0.001,0.2,"[5.97683277e-08 4.00799014e-06 7.80408799e-08 ... 3.93750995e-07
 8.78693143e-08 5.47731697e-06]"
cf252sourceair.py,15.1,0.001,0.3,"[8.96524915e-08 4.00799014e-06 1.17061320e-07 ... 3.93750995e-07
 1.31803971e-07 5.47731697e-06]"
cf252sourceair.py,15.1,0.001,0.4,"[9.00953888e-08 1.28248938e-07 3.09534378e-06 ... 3.93750995e-07
 1.75738629e-07 5.47731697e-06]"
cf252sourceair.py,15.1,0.001,0.5,"[9.00953888e-08 1.62540524e-07 3.09534378e-06 ... 3.93750995e-07
 2.19673286e-07 5.47731697e-06]"
cf252sourceair.py,15.1,0.001,0.6,"[9.00953888e-08 1.95130070e-07 3.09534378e-06 ... 3.93750995e-07
 2.63607943e-07 5.47731697e-06]"
cf252sourceair.py,15.1,0.001,0.7,"[9.00953888e-08 2.26858241e-07 3.09534378e-06 ... 3.93750995e-07
 3.07542600e-07 5.47731697e-06]"
cf252sourceair.py,15.1,0.001,0.8,"[9.00953888e-08 2.35682603e-07 2.86686147e-07 ... 3.93750995e-07
 3.51477257e-07 5.47731697e-06]"
cf252sourceair.py,15.1,0.001,0.9,"[9.00953888e-08 2.35682603e-07 3.38253215e-07 ... 3.93750995e-07
 3.95411914e-07 5.47731697e-06]"
cf252sourceair.py,15.1,0.001,1.0,"[9.00953888e-08 2.35682603e-07 3.81855820e-07 ... 3.93750995e-07
 4.39346572e-07 5.47731697e-06]"
cf252sourceair.py,15.1,0.101,0.1,"[2.98841638e-08 4.00799014e-06 3.90204400e-08 ... 3.84677255e-05
 4.39346572e-08 5.47731697e-06]"
cf252sourceair.py,15.1,0.101,0.2,"[5.97683277e-08 4.00799014e-06 7.80408799e-08 ... 3.94567628e-07
 8.78693143e-08 5.47731697e-06]"
cf252sourceair.py,15.1,0.101,0.3,"[8.96524915e-08 4.00799014e-06 1.17061320e-07 ... 3.94557041e-07
 1.31803971e-07 5.47731697e-06]"
cf252sourceair.py,15.1,0.101,0.4,"[9.00953888e-08 1.28248938e-07 3.09534378e-06 ... 3.94546946e-07
 1.75738629e-07 5.47731697e-06]"
cf252sourceair.py,15.1,0.101,0.5,"[9.00953888e-08 1.62540524e-07 3.09534378e-06 ... 3.94537026e-07
 2.19673286e-07 5.47731697e-06]"
cf252sourceair.py,15.1,0.101,0.6,"[9.00953888e-08 1.95130070e-07 3.09534378e-06 ... 3.94527191e-07
 2.63607943e-07 5.47731697e-06]"
cf252sourceair.py,15.1,0.101,0.7,"[9.00953888e-08 2.26858241e-07 3.09534378e-06 ... 3.94517403e-07
 3.07542600e-07 5.47731697e-06]"
cf252sourceair.py,15.1,0.101,0.8,"[9.00953888e-08 2.35682603e-07 2.86686147e-07 ... 3.94507645e-07
 3.51477257e-07 5.47731697e-06]"
cf252sourceair.py,15.1,0.101,0.9,"[9.00953888e-08 2.35682603e-07 3.38253215e-07 ... 3.94497906e-07
 3.95411914e-07 5.47731697e-06]"
cf252sourceair.py,15.1,0.101,1.0,"[9.00953888e-08 2.35682603e-07 3.81855820e-07 ... 3.94488180e-07
 4.39346572e-07 5.47731697e-06]"
cf252sourceair.py,15.2,0.001,0.1,"[2.98841638e-08 4.00799014e-06 3.90204400e-08 ... 3.84677255e-05
 4.39346572e-08 5.47731697e-06]"
cf252sourceair.py,15.2,0.001,0.2,"[5.97683277e-08 4.00799014e-06 7.80408799e-08 ... 3.91219286e-07
 8.78693143e-08 5.47731697e-06]"
cf252sourceair.py,15.2,0.001,0.3,"[8.95026560e-08 8.97210394e-08 3.09520571e-06 ... 3.91219286e-07
 1.31803971e-07 5.47731697e-06]"
cf252sourceair.py,15.2,0.001,0.4,"[8.95026560e-08 1.28343873e-07 3.09520571e-06 ... 3.91219286e-07
 1.75738629e-07 5.47731697e-06]"
cf252sourceair.py,15.2,0.001,0.5,"[8.95026560e-08 1.62563354e-07 3.09520571e-06 ... 3.91219286e-07
 2.19673286e-07 5.47731697e-06]"
cf252sourceair.py,15.2,0.001,0.6,"[8.95026560e-08 1.95111823e-07 3.09520571e-06 ... 3.91219286e-07
 2.63607943e-07 5.47731697e-06]"
cf252sourceair.py,15.2,0.001,0.7,"[8.95026560e-08 2.26812952e-07 3.09520571e-06 ... 3.91219286e-07
 3.07542600e-07 5.47731697e-06]"
cf252sourceair.py,15.2,0.001,0.8,"[8.95026560e-08 2.34132060e-07 2.87865424e-07 ... 3.91219286e-07
 3.51477257e-07 5.47731697e-06]"
cf252sourceair.py,15.2,0.001,0.9,"[8.95026560e-08 2.34132060e-07 3.38768129e-07 ... 3.91219286e-07
 3.95411914e-07 5.47731697e-06]"
cf252sourceair.py,15.2,0.001,1.0,"[8.95026560e-08 2.34132060e-07 3.82052176e-07 ... 3.91219286e-07
 4.39346572e-07 5.47731697e-06]"
cf252sourceair.py,15.2,0.101,0.1,"[2.98841638e-08 4.00799014e-06 3.90204400e-08 ... 3.84677255e-05
 4.39346572e-08 5.47731697e-06]"
cf252sourceair.py,15.2,0.101,0.2,"[5.97683277e-08 4.00799014e-06 7.80408799e-08 ... 3.92035887e-07
 8.78693143e-08 5.47731697e-06]"
cf252sourceair.py,15.2,0.101,0.3,"[8.95026560e-08 8.97210394e-08 3.09520571e-06 ... 3.92025314e-07
 1.31803971e-07 5.47731697e-06]"
cf252sourceair.py,15.2,0.101,0.4,"[8.95026560e-08 1.28343873e-07 3.09520571e-06 ... 3.92015224e-07
 1.75738629e-07 5.47731697e-06]"
cf252sourceair.py,15.2,0.101,0.5,"[8.95026560e-08 1.62563354e-07 3.09520571e-06 ... 3.92005308e-07
 2.19673286e-07 5.47731697e-06]"
cf252sourceair.py,15.2,0.101,0.6,"[8.95026560e-08 1.95111823e-07 3.09520571e-06 ... 3.91995475e-07
 2.63607943e-07 5.47731697e-06]"
cf252sourceair.py,15.2,0.101,0.7,"[8.95026560e-08 2.26812952e-07 3.09520571e-06 ... 3.91985689e-07
 3.07542600e-07 5.47731697e-06]"
cf252sourceair.py,15.2,0.101,0.8,"[8.95026560e-08 2.34132060e-07 2.87865424e-07 ... 3.91975932e-07
 3.51477257e-07 5.47731697e-06]"
cf252sourceair.py,15.2,0.101,0.9,"[8.95026560e-08 2.34132060e-07 3.38768129e-07 ... 3.91966193e-07
 3.95411914e-07 5.47731697e-06]"
cf252sourceair.py,15.2,.101,1.0,"[8.95026560e-08 2.34132060e-07 3.82052176e-07 ... 3.91956468e-07
 4.39346572e-07 5.47731697e-06]"
